,21,22,23,24,25,"2,25,19,21,3","2,25,19,22,3","2,25,19,23,3","2,25,19,24,3","2,25,13,3","2,22,11,3","2,22,7,3",26
0,10.0,12.0,1.0,0.0,0.0,0.0,0.0,0.0,0.0,0.5,0.5,-0.5365729180004349,1.0
1,5.0,15.0,0.0,1.0,81.6,0.10606769614724693,0.3182030884417408,0.0,0.10933940774487472,1.0,0.875,0.6502878401571168,0.0
2,2.0,13.0,0.0,1.0,2.3,0.0011958612800915093,0.007773098320594811,0.0,0.0030818705614364195,0.9088770389851438,0.625,0.4201670368266409,0.0
3,11.0,0.0,0.0,1.0,96.6,0.27624395570113863,0.0,0.0,0.12943856358032962,1.0,-1.0,0.0,0.0
4,13.0,9.0,0.0,0.0,2.9,0.009800863099880413,0.0067852129153018245,0.0,0.0,0.9478464369215823,0.125,0.4121184852417566,1.0
5,0.0,16.0,0.0,0.0,4.3,0.0,0.01788592523267301,0.0,0.0,0.9866130821723351,1.0,-0.2879033166650653,1.0
6,10.0,7.0,1.0,0.0,7.0,0.018197889044870796,0.012738522331409556,0.10248901903367497,0.0,0.9990889488055994,-0.125,0.6569865987187891,1.0
7,14.0,3.0,0.0,0.0,0.0,0.0,0.0,0.0,0.0,0.5,-0.625,0.1411200080598672,1.0
8,13.0,16.0,1.0,1.0,4.9,0.016560079030832425,0.020381635730255292,0.07174231332357248,0.006565724239581938,0.9926084586557181,1.0,-0.2879033166650653,1.0
9,7.0,15.0,0.0,1.0,20.3,0.036941714761087714,0.07916081734518796,0.0,0.027200857563982314,0.9999999984730599,0.875,0.6502878401571168,1.0
10,3.0,12.0,0.0,1.0,6.4,0.004991420995164562,0.019965683980658247,0.0,0.008575639823127429,0.9983411989198255,0.5,-0.5365729180004349,1.0
11,2.0,12.0,0.0,0.0,0.0,0.0,0.0,0.0,0.0,0.5,0.5,-0.5365729180004349,1.0
12,3.0,8.0,1.0,0.0,0.6,0.00046794571829667756,0.0012478552487911402,0.008784773060029283,0.0,0.6456563062257954,0.0,0.9893582466233818,1.0
13,13.0,0.0,0.0,1.0,97.1,0.32815993344772004,0.0,0.0,0.13010853544151146,1.0,-1.0,0.0,0.0
14,1.0,4.0,1.0,0.0,0.0,0.0,0.0,0.0,0.0,0.5,-0.5,-0.7568024953079282,1.0
15,0.0,11.0,0.0,0.0,3.6,0.0,0.010294805802526908,0.0,0.0,0.973403006423134,0.375,-0.9999902065507035,1.0
16,3.0,5.0,1.0,1.0,0.0,0.0,0.0,0.0,0.0,0.5,-0.375,-0.9589242746631385,1.0
17,4.0,4.0,0.0,1.0,239.3,0.24884313419643322,0.24884313419643322,0.0,0.320648532761624,1.0,-0.5,-0.7568024953079282,0.0
18,14.0,10.0,0.0,1.0,26.7,0.09717672749961005,0.06941194821400717,0.0,0.035776497387109744,0.9999999999974629,0.25,-0.5440211108893698,0.0
19,11.0,14.0,0.0,0.0,0.9,0.002573701450631727,0.003275620028076743,0.0,0.0,0.7109495026250039,0.75,0.9906073556948704,1.0
20,6.0,9.0,0.0,1.0,69.9,0.10903135236312589,0.16354702854468883,0.0,0.0936620661932199,1.0,0.125,0.4121184852417566,0.0
21,15.0,7.0,0.0,1.0,10.5,0.04094525035095929,0.019107783497114336,0.0,0.014069409084818438,0.9999724643088853,-0.125,0.6569865987187891,1.0
22,0.0,3.0,0.0,0.0,2.9,0.0,0.0022617376384339413,0.0,0.0,0.9478464369215823,-0.625,0.1411200080598672,1.0
23,7.0,1.0,0.0,1.0,25.5,0.04640461706442053,0.006629231009202933,0.0,0.03416856492027335,0.9999999999915765,-0.875,0.8414709848078965,0.0
24,4.0,4.0,1.0,0.0,30.4,0.03161233296937555,0.03161233296937555,0.445095168374817,0.0,0.9999999999999374,-0.5,-0.7568024953079282,1.0
25,14.0,4.0,0.0,1.0,4.0,0.014558311235896636,0.0041595174959704675,0.0,0.005359774889454643,0.9820137900379085,-0.5,-0.7568024953079282,1.0
26,7.0,13.0,1.0,1.0,0.0,0.0,0.0,0.0,0.0,0.5,0.625,0.4201670368266409,1.0
27,0.0,5.0,1.0,1.0,0.8,0.0,0.0010398793739926169,0.01171303074670571,0.0010719549778909286,0.6899744811276125,-0.375,-0.9589242746631385,1.0
28,14.0,5.0,0.0,0.0,0.0,0.0,0.0,0.0,0.0,0.5,-0.375,-0.9589242746631385,1.0
29,10.0,13.0,1.0,0.0,0.0,0.0,0.0,0.0,0.0,0.5,0.625,0.4201670368266409,1.0
30,12.0,13.0,1.0,1.0,0.0,0.0,0.0,0.0,0.0,0.5,0.625,0.4201670368266409,1.0
31,3.0,13.0,0.0,1.0,2.7,0.0021057557323350498,0.009124941506785214,0.0,0.0036178480503818843,0.9370266439430035,0.625,0.4201670368266409,0.0
32,16.0,3.0,0.0,1.0,31.7,0.13185670462226382,0.024723132116674464,0.0,0.04247621599892804,0.9999999999999829,-0.625,0.1411200080598672,0.0
33,0.0,6.0,1.0,0.0,0.5,0.0,0.0007799095304944627,0.007320644216691069,0.0,0.6224593312018546,-0.25,-0.27941549819892586,1.0
34,5.0,0.0,1.0,1.0,8.6,0.011178703270420632,0.0,0.1259150805270864,0.011523516012327482,0.9998159280950366,-1.0,0.0,1.0
35,16.0,6.0,1.0,0.0,12.9,0.053657775698019036,0.020121665886757137,0.18887262079062958,0.0,0.9999975019559143,-0.25,-0.27941549819892586,1.0
36,6.0,7.0,0.0,1.0,23.9,0.03727967555763531,0.0434929548172412,0.0,0.03202465496449149,0.9999999999582783,-0.125,0.6569865987187891,1.0
37,11.0,2.0,1.0,0.0,1.0,0.0028596682784796964,0.0005199396869963084,0.014641288433382138,0.0,0.7310585786300049,-0.75,0.9092974268256817,1.0
38,3.0,13.0,1.0,0.0,0.0,0.0,0.0,0.0,0.0,0.5,0.625,0.4201670368266409,1.0
39,8.0,6.0,0.0,0.0,0.0,0.0,0.0,0.0,0.0,0.5,-0.25,-0.27941549819892586,1.0
40,16.0,12.0,1.0,1.0,4.2,0.017469973483075964,0.013102480112306974,0.06149341142020498,0.005627763633927375,0.9852259683067269,0.5,-0.5365729180004349,1.0
41,6.0,8.0,0.0,1.0,3.1,0.004835439089065669,0.006447252118754225,0.0,0.004153825539327348,0.9568927450589139,0.0,0.9893582466233818,0.0
42,15.0,8.0,1.0,1.0,3.3,0.012868507253158634,0.006863203868351271,0.048316251830161056,0.00442181428380008,0.9644288107273639,0.0,0.9893582466233818,1.0
43,7.0,7.0,1.0,0.0,6.2,0.011282691207819892,0.011282691207819892,0.09077598828696926,0.0,0.9979746796109501,-0.125,0.6569865987187891,1.0
44,16.0,7.0,0.0,1.0,36.6,0.15223834035251912,0.06660427390422712,0.0,0.04904194023850999,0.9999999999999998,-0.125,0.6569865987187891,0.0
45,13.0,15.0,1.0,1.0,5.0,0.016898039827380026,0.019497738262361567,0.07320644216691069,0.006699718611818304,0.9933071490757153,0.875,0.6502878401571168,1.0
46,12.0,9.0,0.0,1.0,8.0,0.024957104975822805,0.018717828731867104,0.0,0.010719549778909286,0.9996646498695336,0.125,0.4121184852417566,1.0
47,1.0,10.0,0.0,1.0,115.6,0.030052513908386626,0.3005251390838663,0.0,0.15489749430523916,1.0,0.25,-0.5440211108893698,0.0
48,3.0,10.0,0.0,1.0,163.7,0.12767119014194353,0.42557063380647847,0.0,0.21934878735093125,1.0,0.25,-0.5440211108893698,0.0
49,5.0,10.0,1.0,1.0,29.7,0.0386055217594759,0.0772110435189518,0.43484626647144947,0.039796328554200726,0.9999999999998737,0.25,-0.5440211108893698,0.0
50,7.0,5.0,1.0,1.0,0.0,0.0,0.0,0.0,0.0,0.5,-0.375,-0.9589242746631385,1.0
51,0.0,1.0,0.0,1.0,9.8,0.0,0.0025477044662819115,0.0,0.013131448479163876,0.9999445514752772,-0.875,0.8414709848078965,0.0
52,1.0,4.0,0.0,0.0,1.4,0.0003639577808974159,0.0014558311235896636,0.0,0.0,0.8021838885585817,-0.5,-0.7568024953079282,1.0
53,13.0,7.0,0.0,0.0,0.4,0.001351843186190402,0.0007279155617948319,0.0,0.0,0.598687660112452,-0.125,0.6569865987187891,1.0
54,15.0,4.0,0.0,1.0,3.1,0.012088597722664171,0.0032236260593771124,0.0,0.004153825539327348,0.9568927450589139,-0.5,-0.7568024953079282,1.0
55,15.0,16.0,1.0,1.0,4.0,0.015598190609889253,0.01663806998388187,0.05856515373352855,0.005359774889454643,0.9820137900379085,1.0,-0.2879033166650653,1.0
56,0.0,11.0,1.0,0.0,0.4,0.0,0.0011438673113918787,0.005856515373352855,0.0,0.598687660112452,0.375,-0.9999902065507035,1.0
57,15.0,6.0,0.0,1.0,9.8,0.03821556699422867,0.01528622679769147,0.0,0.013131448479163876,0.9999445514752772,-0.25,-0.27941549819892586,1.0
58,0.0,2.0,0.0,1.0,16.6,0.0,0.008630998804138722,0.0,0.02224306579123677,0.9999999382393905,-0.75,0.9092974268256817,0.0
59,0.0,11.0,0.0,1.0,154.3,0.0,0.44124681536941723,0.0,0.20675331636071287,1.0,0.375,-0.9999902065507035,0.0
60,15.0,1.0,0.0,0.0,0.0,0.0,0.0,0.0,0.0,0.5,-0.875,0.8414709848078965,1.0
61,12.0,8.0,1.0,0.0,0.0,0.0,0.0,0.0,0.0,0.5,0.0,0.9893582466233818,1.0
62,10.0,8.0,1.0,0.0,1.8,0.004679457182966776,0.003743565746373421,0.02635431918008785,0.0,0.8581489350995123,0.0,0.9893582466233818,1.0
63,10.0,11.0,1.0,0.0,2.4,0.006239276243955701,0.006863203868351271,0.03513909224011713,0.0,0.9168273035060777,0.375,-0.9999902065507035,1.0
64,3.0,2.0,1.0,1.0,3.9,0.003041647168928404,0.0020277647792856027,0.05710102489019034,0.005225780517218277,0.9801596942659225,-0.75,0.9092974268256817,1.0
65,3.0,9.0,1.0,0.0,1.5,0.001169864295741694,0.003509592887225082,0.021961932650073207,0.0,0.8175744761936437,0.125,0.4121184852417566,1.0
66,0.0,13.0,0.0,0.0,0.0,0.0,0.0,0.0,0.0,0.5,0.625,0.4201670368266409,1.0
67,7.0,0.0,0.0,1.0,64.4,0.11719440544896795,0.0,0.0,0.08629237572021976,1.0,-1.0,0.0,0.0
68,11.0,12.0,1.0,0.0,0.3,0.0008579004835439089,0.0009358914365933551,0.004392386530014641,0.0,0.574442516811659,0.5,-0.5365729180004349,1.0
69,2.0,9.0,0.0,0.0,7.5,0.0038995476524723133,0.01754796443612541,0.0,0.0,0.9994472213630764,0.125,0.4121184852417566,1.0
70,15.0,0.0,0.0,1.0,44.2,0.17236000623927625,0.0,0.0,0.05922551252847381,1.0,-1.0,0.0,0.0
71,4.0,14.0,1.0,0.0,0.0,0.0,0.0,0.0,0.0,0.5,0.75,0.9906073556948704,1.0
72,9.0,2.0,1.0,0.0,0.5,0.001169864295741694,0.0002599698434981542,0.007320644216691069,0.0,0.6224593312018546,-0.75,0.9092974268256817,1.0
73,2.0,0.0,1.0,0.0,0.5,0.0002599698434981542,0.0,0.007320644216691069,0.0,0.6224593312018546,-1.0,0.0,1.0
74,16.0,5.0,0.0,0.0,0.0,0.0,0.0,0.0,0.0,0.5,-0.375,-0.9589242746631385,1.0
75,6.0,15.0,1.0,1.0,2.4,0.0037435657463734204,0.009358914365933552,0.03513909224011713,0.003215864933672786,0.9168273035060777,0.875,0.6502878401571168,1.0
76,15.0,3.0,1.0,1.0,5.5,0.021447512088597725,0.0042895024177195444,0.08052708638360176,0.007369690473000134,0.995929862284104,-0.625,0.1411200080598672,1.0
77,12.0,8.0,0.0,1.0,18.1,0.0564654500077991,0.03764363333853273,0.0,0.02425298137478226,0.9999999862193447,0.0,0.9893582466233818,0.0
78,2.0,4.0,1.0,0.0,0.0,0.0,0.0,0.0,0.0,0.5,-0.5,-0.7568024953079282,1.0
79,15.0,2.0,1.0,1.0,2.3,0.00896895960068632,0.0011958612800915093,0.03367496339677892,0.0030818705614364195,0.9088770389851438,-0.75,0.9092974268256817,1.0
80,8.0,2.0,0.0,0.0,0.0,0.0,0.0,0.0,0.0,0.5,-0.75,0.9092974268256817,1.0
81,12.0,6.0,0.0,1.0,2.4,0.007487131492746841,0.0037435657463734204,0.0,0.003215864933672786,0.9168273035060777,-0.25,-0.27941549819892586,1.0
82,13.0,8.0,1.0,0.0,0.0,0.0,0.0,0.0,0.0,0.5,0.0,0.9893582466233818,1.0
83,0.0,9.0,1.0,1.0,23.8,0.0,0.05568554047730464,0.3484626647144949,0.03189066059225513,0.9999999999538904,0.125,0.4121184852417566,1.0
84,14.0,11.0,1.0,1.0,4.8,0.017469973483075964,0.013726407736702542,0.07027818448023426,0.006431729867345572,0.9918374288468401,0.375,-0.9999902065507035,1.0
85,15.0,5.0,0.0,0.0,0.0,0.0,0.0,0.0,0.0,0.5,-0.375,-0.9589242746631385,1.0
86,15.0,13.0,0.0,0.0,0.0,0.0,0.0,0.0,0.0,0.5,0.625,0.4201670368266409,1.0
87,9.0,5.0,1.0,0.0,0.0,0.0,0.0,0.0,0.0,0.5,-0.375,-0.9589242746631385,1.0
88,7.0,3.0,0.0,0.0,4.7,0.008553007851089273,0.003665574793323975,0.0,0.0,0.990986701347152,-0.625,0.1411200080598672,1.0
89,10.0,6.0,0.0,1.0,54.0,0.14038371548900327,0.08423022929340197,0.0,0.07235696100763768,1.0,-0.25,-0.27941549819892586,0.0
90,4.0,1.0,1.0,0.0,0.0,0.0,0.0,0.0,0.0,0.5,-0.875,0.8414709848078965,1.0
91,6.0,3.0,0.0,1.0,19.2,0.029948525970987364,0.014974262985493682,0.0,0.025726919469382287,0.9999999954128183,-0.625,0.1411200080598672,0.0
92,14.0,13.0,1.0,1.0,0.0,0.0,0.0,0.0,0.0,0.5,0.625,0.4201670368266409,1.0
93,5.0,7.0,0.0,1.0,167.6,0.21785472885145324,0.30499662039203457,0.0,0.22457456786814953,1.0,-0.125,0.6569865987187891,0.0
94,13.0,12.0,0.0,0.0,0.0,0.0,0.0,0.0,0.0,0.5,0.5,-0.5365729180004349,1.0
95,0.0,4.0,0.0,1.0,8.9,0.0,0.009254926428534292,0.0,0.011925499129036581,0.9998636296729204,-0.5,-0.7568024953079282,1.0
96,5.0,15.0,0.0,0.0,2.6,0.003379607965476005,0.010138823896428015,0.0,0.0,0.9308615796566533,0.875,0.6502878401571168,1.0
97,0.0,14.0,1.0,1.0,4.2,0.0,0.01528622679769147,0.06149341142020498,0.005627763633927375,0.9852259683067269,0.75,0.9906073556948704,1.0
98,9.0,15.0,1.0,1.0,6.2,0.014506317267197007,0.024177195445328342,0.09077598828696926,0.008307651078654697,0.9979746796109501,0.875,0.6502878401571168,1.0
99,9.0,9.0,1.0,1.0,68.3,0.1598034627983154,0.1598034627983154,1.0,0.09151815623743803,1.0,0.125,0.4121184852417566,0.0
100,11.0,10.0,0.0,0.0,1.7,0.004861436073415484,0.004419487339468621,0.0,0.0,0.8455347349164652,0.25,-0.5440211108893698,1.0
101,5.0,8.0,0.0,1.0,50.1,0.06512244579628763,0.10419591327406022,0.0,0.06713118049041941,1.0,0.0,0.9893582466233818,0.0
102,14.0,2.0,1.0,1.0,0.8,0.0029116622471793275,0.0004159517495970468,0.01171303074670571,0.0010719549778909286,0.6899744811276125,-0.75,0.9092974268256817,1.0
103,6.0,15.0,0.0,1.0,9.5,0.01481828107939479,0.037045702698486976,0.0,0.012729465362454777,0.9999251537724895,0.875,0.6502878401571168,1.0
104,3.0,3.0,0.0,1.0,180.7,0.1409296521603494,0.1409296521603494,0.0,0.24212783063111348,1.0,-0.625,0.1411200080598672,0.0
105,14.0,15.0,1.0,1.0,0.7,0.002547704466281911,0.002729683356730619,0.010248901903367497,0.0009379606056545625,0.6681877721681662,0.875,0.6502878401571168,1.0
106,3.0,9.0,1.0,1.0,11.5,0.00896895960068632,0.026906878802058963,0.1683748169838946,0.015409352807182098,0.9999898700090192,0.125,0.4121184852417566,1.0
107,10.0,15.0,0.0,0.0,2.8,0.007279155617948318,0.010918733426922476,0.0,0.0,0.9426758241011313,0.875,0.6502878401571168,1.0
108,3.0,15.0,1.0,1.0,4.2,0.0032756200280767435,0.016378100140383715,0.06149341142020498,0.005627763633927375,0.9852259683067269,0.875,0.6502878401571168,1.0
109,1.0,8.0,1.0,0.0,0.4,0.0001039879373992617,0.0008319034991940936,0.005856515373352855,0.0,0.598687660112452,0.0,0.9893582466233818,1.0
110,2.0,13.0,1.0,0.0,0.0,0.0,0.0,0.0,0.0,0.5,0.625,0.4201670368266409,1.0
111,11.0,11.0,0.0,0.0,8.6,0.024593147194925388,0.024593147194925388,0.0,0.0,0.9998159280950366,0.375,-0.9999902065507035,1.0
112,3.0,12.0,0.0,0.0,0.0,0.0,0.0,0.0,0.0,0.5,0.5,-0.5365729180004349,1.0
113,1.0,13.0,1.0,1.0,0.8,0.0002079758747985234,0.002703686372380804,0.01171303074670571,0.0010719549778909286,0.6899744811276125,0.625,0.4201670368266409,1.0
114,15.0,8.0,0.0,0.0,0.0,0.0,0.0,0.0,0.0,0.5,0.0,0.9893582466233818,1.0
115,4.0,16.0,1.0,0.0,4.6,0.004783445120366037,0.01913378048146415,0.06734992679355783,0.0,0.9900481981330957,1.0,-0.2879033166650653,1.0
116,4.0,0.0,0.0,1.0,27.3,0.02838870690999844,0.0,0.0,0.03658046362052794,0.9999999999986076,-1.0,0.0,0.0
117,9.0,12.0,0.0,1.0,7.9,0.018483855872718766,0.024645141163625022,0.0,0.010585555406672921,0.9996293938593735,0.5,-0.5365729180004349,1.0
118,4.0,9.0,0.0,1.0,81.5,0.08475016898039828,0.1906878802058961,0.0,0.10920541337263835,1.0,0.125,0.4121184852417566,0.0
119,15.0,12.0,1.0,1.0,0.0,0.0,0.0,0.0,0.0,0.5,0.5,-0.5365729180004349,1.0
120,14.0,5.0,0.0,1.0,1.3,0.004731451151666406,0.0016898039827380024,0.0,0.001741926839072759,0.7858349830425586,-0.375,-0.9589242746631385,1.0
121,11.0,11.0,0.0,1.0,338.6,0.9682836790932253,0.9682836790932253,0.0,0.45370494439233555,1.0,0.375,-0.9999902065507035,0.0
122,10.0,7.0,1.0,1.0,13.0,0.03379607965476005,0.023657255758332035,0.1903367496339678,0.01741926839072759,0.999997739675702,-0.125,0.6569865987187891,1.0
123,0.0,0.0,1.0,1.0,26.5,0.0,0.0,0.3879941434846267,0.03550850864263701,0.9999999999969011,-1.0,0.0,0.0
124,8.0,10.0,1.0,0.0,2.0,0.0041595174959704675,0.0051993968699630844,0.029282576866764276,0.0,0.8807970779778823,0.25,-0.5440211108893698,1.0
125,4.0,8.0,0.0,0.0,0.9,0.0009358914365933552,0.0018717828731867104,0.0,0.0,0.7109495026250039,0.0,0.9893582466233818,1.0
126,4.0,3.0,0.0,0.0,2.8,0.002911662247179327,0.002183746685384495,0.0,0.0,0.9426758241011313,-0.625,0.1411200080598672,1.0
127,13.0,15.0,0.0,0.0,0.0,0.0,0.0,0.0,0.0,0.5,0.875,0.6502878401571168,1.0
128,8.0,11.0,1.0,1.0,14.0,0.029116622471793273,0.04003535589871575,0.20497803806734993,0.01875921211309125,0.9999991684719722,0.375,-0.9999902065507035,1.0
129,4.0,14.0,1.0,1.0,0.0,0.0,0.0,0.0,0.0,0.5,0.75,0.9906073556948704,1.0
130,3.0,8.0,0.0,1.0,46.6,0.036343784121041965,0.0969167576561119,0.0,0.06244137746214659,1.0,0.0,0.9893582466233818,0.0
131,10.0,13.0,1.0,1.0,0.0,0.0,0.0,0.0,0.0,0.5,0.625,0.4201670368266409,1.0
132,13.0,9.0,1.0,0.0,0.0,0.0,0.0,0.0,0.0,0.5,0.125,0.4121184852417566,1.0
133,7.0,2.0,1.0,0.0,0.0,0.0,0.0,0.0,0.0,0.5,-0.75,0.9092974268256817,1.0
134,11.0,2.0,0.0,0.0,0.6,0.0017158009670878178,0.00031196381219778506,0.0,0.0,0.6456563062257954,-0.75,0.9092974268256817,1.0
135,12.0,3.0,0.0,0.0,0.0,0.0,0.0,0.0,0.0,0.5,-0.625,0.1411200080598672,1.0
136,8.0,4.0,0.0,0.0,0.0,0.0,0.0,0.0,0.0,0.5,-0.5,-0.7568024953079282,1.0
137,2.0,1.0,1.0,0.0,0.0,0.0,0.0,0.0,0.0,0.5,-0.875,0.8414709848078965,1.0
138,7.0,16.0,0.0,1.0,25.5,0.04640461706442053,0.10606769614724693,0.0,0.03416856492027335,0.9999999999915765,1.0,-0.2879033166650653,0.0
139,10.0,8.0,1.0,1.0,6.0,0.015598190609889253,0.012478552487911403,0.08784773060029283,0.008039662334181965,0.9975273768433653,0.0,0.9893582466233818,0.0
140,8.0,0.0,1.0,1.0,10.3,0.02142151510424791,0.0,0.15080527086383602,0.013801420340345706,0.9999663680359613,-1.0,0.0,1.0
141,9.0,16.0,1.0,0.0,5.2,0.01216658867571362,0.021629490979046432,0.07613469985358712,0.0,0.9945137011005495,1.0,-0.2879033166650653,1.0
142,5.0,14.0,1.0,0.0,0.0,0.0,0.0,0.0,0.0,0.5,0.75,0.9906073556948704,1.0
143,15.0,13.0,0.0,1.0,2.3,0.00896895960068632,0.007773098320594811,0.0,0.0030818705614364195,0.9088770389851438,0.625,0.4201670368266409,0.0
144,7.0,8.0,1.0,1.0,0.0,0.0,0.0,0.0,0.0,0.5,0.0,0.9893582466233818,1.0
145,16.0,0.0,1.0,1.0,40.7,0.16929236208599804,0.0,0.5959004392386531,0.054535709500201,1.0,-1.0,0.0,0.0
146,10.0,16.0,0.0,1.0,51.6,0.13414443924504757,0.21463110279207614,0.0,0.0691410960739649,1.0,1.0,-0.2879033166650653,0.0
147,12.0,7.0,1.0,1.0,0.9,0.0028076743097800658,0.0016378100140383716,0.013177159590043924,0.0012059493501272948,0.7109495026250039,-0.125,0.6569865987187891,1.0
148,10.0,3.0,0.0,1.0,84.8,0.22045442728643477,0.06613632818593043,0.0,0.11362722765643843,1.0,-0.625,0.1411200080598672,0.0
149,1.0,14.0,1.0,0.0,0.0,0.0,0.0,0.0,0.0,0.5,0.75,0.9906073556948704,1.0
150,7.0,12.0,1.0,0.0,0.0,0.0,0.0,0.0,0.0,0.5,0.5,-0.5365729180004349,1.0
151,10.0,4.0,0.0,1.0,44.5,0.11568658035667863,0.046274632142671454,0.0,0.0596274956451829,1.0,-0.5,-0.7568024953079282,1.0
152,9.0,8.0,1.0,1.0,8.0,0.018717828731867104,0.01663806998388187,0.1171303074670571,0.010719549778909286,0.9996646498695336,0.0,0.9893582466233818,0.0
153,12.0,12.0,0.0,0.0,1.2,0.0037435657463734204,0.0037435657463734204,0.0,0.0,0.7685247834990175,0.5,-0.5365729180004349,1.0
154,2.0,5.0,1.0,1.0,0.7,0.0003639577808974159,0.0009098944522435398,0.010248901903367497,0.0009379606056545625,0.6681877721681662,-0.375,-0.9589242746631385,1.0
155,12.0,10.0,0.0,0.0,0.0,0.0,0.0,0.0,0.0,0.5,0.25,-0.5440211108893698,1.0
156,14.0,16.0,0.0,1.0,9.5,0.034575989185254515,0.039515416211719445,0.0,0.012729465362454777,0.9999251537724895,1.0,-0.2879033166650653,0.0
157,2.0,9.0,1.0,1.0,16.8,0.008734986741537982,0.03930744033692092,0.24597364568081992,0.0225110545357095,0.9999999494346891,0.125,0.4121184852417566,1.0
158,5.0,13.0,0.0,0.0,0.4,0.0005199396869963084,0.001351843186190402,0.0,0.0,0.598687660112452,0.625,0.4201670368266409,1.0
159,8.0,3.0,0.0,0.0,0.6,0.0012478552487911402,0.00046794571829667756,0.0,0.0,0.6456563062257954,-0.625,0.1411200080598672,1.0
160,14.0,15.0,1.0,0.0,0.0,0.0,0.0,0.0,0.0,0.5,0.875,0.6502878401571168,1.0
161,16.0,5.0,1.0,0.0,0.7,0.002911662247179327,0.0009098944522435398,0.010248901903367497,0.0,0.6681877721681662,-0.375,-0.9589242746631385,1.0
162,8.0,0.0,0.0,1.0,128.1,0.26641709561690846,0.0,0.0,0.17164679083478493,1.0,-1.0,0.0,0.0
163,7.0,14.0,1.0,1.0,0.0,0.0,0.0,0.0,0.0,0.5,0.75,0.9906073556948704,1.0
164,4.0,6.0,1.0,1.0,8.1,0.008423022929340196,0.012634534394010294,0.11859443631039532,0.010853544151145651,0.9996965529699712,-0.25,-0.27941549819892586,1.0
165,3.0,2.0,0.0,0.0,1.5,0.001169864295741694,0.0007799095304944627,0.0,0.0,0.8175744761936437,-0.75,0.9092974268256817,1.0
166,10.0,2.0,1.0,0.0,0.6,0.0015598190609889253,0.00031196381219778506,0.008784773060029283,0.0,0.6456563062257954,-0.75,0.9092974268256817,1.0
167,3.0,8.0,0.0,0.0,2.2,0.001715800967087818,0.004575469245567515,0.0,0.0,0.9002495108803148,0.0,0.9893582466233818,1.0
168,14.0,4.0,0.0,0.0,0.0,0.0,0.0,0.0,0.0,0.5,-0.5,-0.7568024953079282,1.0
169,14.0,15.0,0.0,1.0,26.3,0.09572089637602038,0.10255810326002184,0.0,0.03524051989816428,0.999999999996215,0.875,0.6502878401571168,0.0
170,7.0,8.0,0.0,0.0,0.0,0.0,0.0,0.0,0.0,0.5,0.0,0.9893582466233818,1.0
171,10.0,4.0,1.0,0.0,0.8,0.0020797587479852338,0.0008319034991940936,0.01171303074670571,0.0,0.6899744811276125,-0.5,-0.7568024953079282,1.0
172,4.0,12.0,1.0,1.0,0.0,0.0,0.0,0.0,0.0,0.5,0.5,-0.5365729180004349,1.0
173,2.0,8.0,0.0,1.0,46.6,0.024229189414027973,0.0969167576561119,0.0,0.06244137746214659,1.0,0.0,0.9893582466233818,0.0
174,11.0,11.0,1.0,0.0,3.1,0.00886497166328706,0.00886497166328706,0.04538799414348463,0.0,0.9568927450589139,0.375,-0.9999902065507035,1.0
175,9.0,1.0,0.0,1.0,25.5,0.05966307908282639,0.006629231009202933,0.0,0.03416856492027335,0.9999999999915765,-0.875,0.8414709848078965,0.0
176,0.0,1.0,0.0,0.0,0.0,0.0,0.0,0.0,0.0,0.5,-0.875,0.8414709848078965,1.0
177,11.0,1.0,1.0,0.0,0.0,0.0,0.0,0.0,0.0,0.5,-0.875,0.8414709848078965,1.0
178,1.0,9.0,0.0,1.0,131.8,0.03426402537305673,0.30837622835751055,0.0,0.1766045826075305,1.0,0.125,0.4121184852417566,0.0
179,11.0,8.0,0.0,1.0,54.5,0.15585192117714344,0.11334685176519524,0.0,0.0730269328688195,1.0,0.0,0.9893582466233818,0.0
180,13.0,3.0,1.0,1.0,6.5,0.021967451775594032,0.0050694119482140075,0.0951683748169839,0.008709634195363795,0.998498817743263,-0.625,0.1411200080598672,1.0
181,9.0,0.0,0.0,1.0,147.2,0.3444080486663547,0.0,0.0,0.19723971593193085,1.0,-1.0,0.0,0.0
182,0.0,11.0,1.0,1.0,40.5,0.0,0.11581656527842771,0.5929721815519766,0.05426772075572826,1.0,0.375,-0.9999902065507035,0.0
183,5.0,8.0,0.0,0.0,1.4,0.0018197889044870796,0.002911662247179327,0.0,0.0,0.8021838885585817,0.0,0.9893582466233818,1.0
184,2.0,8.0,1.0,0.0,0.0,0.0,0.0,0.0,0.0,0.5,0.0,0.9893582466233818,1.0
185,13.0,16.0,1.0,0.0,2.2,0.0074351375240472115,0.00915093849113503,0.032210834553440704,0.0,0.9002495108803148,1.0,-0.2879033166650653,1.0
186,8.0,15.0,0.0,0.0,1.3,0.002703686372380804,0.0050694119482140075,0.0,0.0,0.7858349830425586,0.875,0.6502878401571168,1.0
187,15.0,9.0,0.0,0.0,0.8,0.0031196381219778507,0.0018717828731867104,0.0,0.0,0.6899744811276125,0.125,0.4121184852417566,1.0
188,11.0,8.0,1.0,0.0,0.6,0.0017158009670878178,0.0012478552487911402,0.008784773060029283,0.0,0.6456563062257954,0.0,0.9893582466233818,1.0
189,7.0,0.0,1.0,0.0,3.1,0.005641345603909946,0.0,0.04538799414348463,0.0,0.9568927450589139,-1.0,0.0,1.0
190,5.0,7.0,1.0,0.0,13.9,0.018067904123121717,0.025295065772370406,0.20351390922401172,0.0,0.9999990810194866,-0.125,0.6569865987187891,1.0
191,8.0,1.0,1.0,0.0,0.6,0.0012478552487911402,0.00015598190609889253,0.008784773060029283,0.0,0.6456563062257954,-0.875,0.8414709848078965,1.0
192,9.0,2.0,1.0,1.0,14.1,0.03299017313991577,0.0073311495866479484,0.20644216691068815,0.018893206485327618,0.9999992476022669,-0.75,0.9092974268256817,0.0
193,6.0,6.0,1.0,1.0,5.2,0.008111059117142412,0.008111059117142412,0.07613469985358712,0.006967707356291036,0.9945137011005495,-0.25,-0.27941549819892586,1.0
194,10.0,7.0,0.0,0.0,10.5,0.027296833567306195,0.019107783497114336,0.0,0.0,0.9999724643088853,-0.125,0.6569865987187891,1.0
195,7.0,4.0,1.0,0.0,1.3,0.002365725575833203,0.001351843186190402,0.01903367496339678,0.0,0.7858349830425586,-0.5,-0.7568024953079282,1.0
196,12.0,0.0,0.0,1.0,22.4,0.06987989393230384,0.0,0.0,0.030014739380946,0.9999999998130165,-1.0,0.0,1.0
197,6.0,11.0,1.0,1.0,1.8,0.0028076743097800658,0.005147402901263454,0.02635431918008785,0.0024118987002545896,0.8581489350995123,0.375,-0.9999902065507035,1.0
198,5.0,3.0,0.0,1.0,118.1,0.15351219258566007,0.09210731555139604,0.0,0.15824735361114833,1.0,-0.625,0.1411200080598672,0.0
199,13.0,13.0,0.0,1.0,29.1,0.09834659179535174,0.09834659179535174,0.0,0.03899236232078253,0.9999999999997697,0.625,0.4201670368266409,0.0
200,3.0,3.0,1.0,0.0,0.8,0.0006239276243955702,0.0006239276243955702,0.01171303074670571,0.0,0.6899744811276125,-0.625,0.1411200080598672,1.0
201,16.0,0.0,0.0,0.0,10.2,0.042427078458898766,0.0,0.0,0.0,0.9999628310628971,-1.0,0.0,1.0
202,2.0,12.0,0.0,1.0,7.3,0.0037955597150730516,0.02277335829043831,0.0,0.009781589173254723,0.9993249172693672,0.5,-0.5365729180004349,1.0
203,9.0,13.0,1.0,1.0,0.7,0.0016378100140383716,0.002365725575833203,0.010248901903367497,0.0009379606056545625,0.6681877721681662,0.625,0.4201670368266409,1.0
204,1.0,6.0,0.0,1.0,33.8,0.008786980710237612,0.05272188426142567,0.0,0.04529009781589173,0.999999999999998,-0.25,-0.27941549819892586,1.0
205,15.0,10.0,1.0,0.0,0.0,0.0,0.0,0.0,0.0,0.5,0.25,-0.5440211108893698,1.0
206,0.0,12.0,0.0,1.0,1.9,0.0,0.0059273124317579156,0.0,0.0025458930724909555,0.8698915256370021,0.5,-0.5365729180004349,1.0
207,8.0,4.0,0.0,1.0,5.2,0.010814745489523216,0.005407372744761608,0.0,0.006967707356291036,0.9945137011005495,-0.5,-0.7568024953079282,1.0
208,9.0,3.0,0.0,0.0,3.9,0.009124941506785214,0.003041647168928404,0.0,0.0,0.9801596942659225,-0.625,0.1411200080598672,1.0
209,5.0,11.0,1.0,0.0,3.7,0.004809442104715853,0.010580772630374878,0.05417276720351391,0.0,0.9758729785823308,0.375,-0.9999902065507035,1.0
210,2.0,7.0,0.0,0.0,5.2,0.002703686372380804,0.009462902303332812,0.0,0.0,0.9945137011005495,-0.125,0.6569865987187891,1.0
211,0.0,8.0,1.0,1.0,7.5,0.0,0.015598190609889253,0.10980966325036604,0.010049577917727455,0.9994472213630764,0.0,0.9893582466233818,0.0
212,4.0,0.0,1.0,0.0,2.9,0.003015650184578589,0.0,0.0424597364568082,0.0,0.9478464369215823,-1.0,0.0,1.0
213,11.0,13.0,1.0,1.0,0.8,0.0022877346227837573,0.002703686372380804,0.01171303074670571,0.0010719549778909286,0.6899744811276125,0.625,0.4201670368266409,1.0
214,12.0,14.0,0.0,0.0,0.0,0.0,0.0,0.0,0.0,0.5,0.75,0.9906073556948704,1.0
215,1.0,8.0,0.0,1.0,26.7,0.006941194821400718,0.05552955857120574,0.0,0.035776497387109744,0.9999999999974629,0.0,0.9893582466233818,0.0
216,13.0,11.0,0.0,0.0,1.3,0.004393490355118807,0.0037175687620236058,0.0,0.0,0.7858349830425586,0.375,-0.9999902065507035,1.0
217,9.0,8.0,0.0,1.0,26.6,0.06223678053345812,0.055321582696407225,0.0,0.03564250301487338,0.999999999997196,0.0,0.9893582466233818,0.0
218,8.0,9.0,0.0,0.0,0.4,0.0008319034991940936,0.0009358914365933552,0.0,0.0,0.598687660112452,0.125,0.4121184852417566,1.0
219,16.0,16.0,1.0,1.0,21.5,0.08942962616336506,0.08942962616336506,0.31478770131771594,0.028808790030818706,0.9999999995400946,1.0,-0.2879033166650653,0.0
220,16.0,9.0,1.0,1.0,39.3,0.16346903759163936,0.09195133364529715,0.5754026354319179,0.05265978828889186,1.0,0.125,0.4121184852417566,0.0
221,5.0,11.0,1.0,1.0,16.9,0.021967451775594032,0.04832839390630687,0.2474377745241581,0.022645048907945865,0.9999999542466144,0.375,-0.9999902065507035,1.0
222,9.0,1.0,1.0,1.0,7.0,0.016378100140383715,0.0018197889044870796,0.10248901903367497,0.009379606056545624,0.9990889488055994,-0.875,0.8414709848078965,1.0
223,2.0,4.0,0.0,0.0,0.0,0.0,0.0,0.0,0.0,0.5,-0.5,-0.7568024953079282,1.0
224,10.0,13.0,0.0,0.0,0.5,0.0012998492174907711,0.0016898039827380024,0.0,0.0,0.6224593312018546,0.625,0.4201670368266409,1.0
225,7.0,7.0,0.0,1.0,89.0,0.16196121249935008,0.16196121249935008,0.0,0.1192549912903658,1.0,-0.125,0.6569865987187891,0.0
226,11.0,4.0,1.0,1.0,4.2,0.012010606769614726,0.004367493370768991,0.06149341142020498,0.005627763633927375,0.9852259683067269,-0.5,-0.7568024953079282,1.0
227,6.0,7.0,1.0,1.0,1.4,0.002183746685384495,0.002547704466281911,0.020497803806734993,0.001875921211309125,0.8021838885585817,-0.125,0.6569865987187891,1.0
228,8.0,1.0,0.0,0.0,0.0,0.0,0.0,0.0,0.0,0.5,-0.875,0.8414709848078965,1.0
229,13.0,5.0,0.0,1.0,11.0,0.037175687620236056,0.014298341392398483,0.0,0.014739380946000268,0.999983298578152,-0.375,-0.9589242746631385,1.0
230,2.0,10.0,0.0,1.0,91.9,0.047782457234960746,0.23891228617480373,0.0,0.12314082808522044,1.0,0.25,-0.5440211108893698,0.0
231,4.0,3.0,1.0,1.0,8.8,0.00915093849113503,0.006863203868351272,0.12884333821376281,0.011791504756800216,0.9998492896419403,-0.625,0.1411200080598672,1.0
232,11.0,6.0,1.0,0.0,1.0,0.0028596682784796964,0.0015598190609889253,0.014641288433382138,0.0,0.7310585786300049,-0.25,-0.27941549819892586,1.0
233,5.0,12.0,0.0,0.0,0.0,0.0,0.0,0.0,0.0,0.5,0.5,-0.5365729180004349,1.0
234,0.0,13.0,0.0,1.0,4.1,0.0,0.01385639265845162,0.0,0.005493769261691009,0.9836975006285591,0.625,0.4201670368266409,1.0
235,16.0,8.0,0.0,1.0,30.0,0.12478552487911403,0.06239276243955701,0.0,0.04019831167090982,0.9999999999999065,0.0,0.9893582466233818,0.0
236,8.0,6.0,1.0,1.0,2.5,0.0051993968699630844,0.0038995476524723133,0.036603221083455345,0.003349859305909152,0.9241418199787566,-0.25,-0.27941549819892586,1.0
237,15.0,5.0,0.0,1.0,2.9,0.011308688192169708,0.003769562730723236,0.0,0.0038858367948546163,0.9478464369215823,-0.375,-0.9589242746631385,1.0
238,0.0,9.0,0.0,0.0,5.7,0.0,0.013336452971455312,0.0,0.0,0.9966651926925867,0.125,0.4121184852417566,1.0
239,14.0,9.0,1.0,0.0,0.0,0.0,0.0,0.0,0.0,0.5,0.125,0.4121184852417566,1.0
240,8.0,3.0,1.0,1.0,4.4,0.00915093849113503,0.003431601934175636,0.06442166910688141,0.005895752378400108,0.9878715650157257,-0.625,0.1411200080598672,1.0
241,13.0,12.0,0.0,1.0,16.2,0.05474964904071128,0.05053813757604118,0.0,0.021707088302291302,0.9999999078640001,0.5,-0.5365729180004349,0.0
242,1.0,13.0,0.0,1.0,5.1,0.0013258462018405864,0.017236000623927623,0.0,0.00683371298405467,0.9939401985084158,0.625,0.4201670368266409,0.0
243,8.0,5.0,1.0,0.0,0.0,0.0,0.0,0.0,0.0,0.5,-0.375,-0.9589242746631385,1.0
244,14.0,10.0,1.0,1.0,3.7,0.01346643789320439,0.009618884209431706,0.05417276720351391,0.004957791772745545,0.9758729785823308,0.25,-0.5440211108893698,1.0
245,9.0,4.0,1.0,1.0,3.2,0.007487131492746842,0.003327613996776374,0.04685212298682284,0.004287819911563714,0.9608342772032357,-0.5,-0.7568024953079282,1.0
246,7.0,11.0,1.0,0.0,0.8,0.0014558311235896638,0.0022877346227837573,0.01171303074670571,0.0,0.6899744811276125,0.375,-0.9999902065507035,1.0
247,6.0,14.0,1.0,0.0,0.5,0.0007799095304944627,0.0018197889044870796,0.007320644216691069,0.0,0.6224593312018546,0.75,0.9906073556948704,1.0
248,5.0,3.0,0.0,0.0,8.7,0.011308688192169708,0.0067852129153018245,0.0,0.0,0.9998334419352227,-0.625,0.1411200080598672,1.0
249,7.0,4.0,1.0,1.0,3.4,0.006187282275256071,0.0035355898715748973,0.04978038067349927,0.004555808656036446,0.9677045353015494,-0.5,-0.7568024953079282,1.0
250,12.0,15.0,1.0,0.0,0.0,0.0,0.0,0.0,0.0,0.5,0.875,0.6502878401571168,1.0
251,15.0,11.0,1.0,0.0,0.0,0.0,0.0,0.0,0.0,0.5,0.375,-0.9999902065507035,1.0
252,12.0,4.0,0.0,1.0,0.0,0.0,0.0,0.0,0.0,0.5,-0.5,-0.7568024953079282,1.0
253,16.0,11.0,0.0,0.0,6.4,0.026620911974210994,0.01830187698227006,0.0,0.0,0.9983411989198255,0.375,-0.9999902065507035,1.0
254,9.0,6.0,0.0,1.0,88.7,0.20753392606457655,0.13835595070971768,0.0,0.11885300817365671,1.0,-0.25,-0.27941549819892586,0.0
255,10.0,14.0,1.0,1.0,0.8,0.0020797587479852338,0.0029116622471793275,0.01171303074670571,0.0010719549778909286,0.6899744811276125,0.75,0.9906073556948704,1.0
256,12.0,13.0,1.0,0.0,0.0,0.0,0.0,0.0,0.0,0.5,0.625,0.4201670368266409,1.0
257,7.0,9.0,0.0,1.0,92.4,0.16814849477460617,0.21619092185306504,0.0,0.12381079994640226,1.0,0.125,0.4121184852417566,0.0
258,10.0,8.0,0.0,1.0,23.3,0.060572973535069935,0.04845837882805595,0.0,0.031220688731073296,0.9999999999239781,0.0,0.9893582466233818,0.0
259,10.0,1.0,0.0,0.0,2.2,0.005719336556959393,0.0005719336556959393,0.0,0.0,0.9002495108803148,-0.875,0.8414709848078965,1.0
260,13.0,12.0,1.0,1.0,1.5,0.0050694119482140075,0.004679457182966776,0.021961932650073207,0.002009915583545491,0.8175744761936437,0.5,-0.5365729180004349,1.0
261,16.0,10.0,1.0,1.0,37.5,0.15598190609889254,0.09748869131180783,0.5490483162518301,0.05024788958863728,1.0,0.25,-0.5440211108893698,0.0
262,15.0,12.0,0.0,0.0,0.0,0.0,0.0,0.0,0.0,0.5,0.5,-0.5365729180004349,1.0
263,10.0,11.0,0.0,0.0,8.7,0.022617376384339416,0.024879114022773357,0.0,0.0,0.9998334419352227,0.375,-0.9999902065507035,1.0
264,15.0,9.0,0.0,1.0,35.5,0.13843394166276712,0.08306036499766027,0.0,0.04756800214390996,0.9999999999999996,0.125,0.4121184852417566,0.0
265,6.0,12.0,1.0,0.0,0.0,0.0,0.0,0.0,0.0,0.5,0.5,-0.5365729180004349,1.0
266,14.0,14.0,0.0,1.0,40.5,0.14740290126345346,0.14740290126345346,0.0,0.05426772075572826,1.0,0.75,0.9906073556948704,0.0
267,10.0,12.0,1.0,1.0,0.7,0.0018197889044870796,0.002183746685384495,0.010248901903367497,0.0009379606056545625,0.6681877721681662,0.5,-0.5365729180004349,1.0
268,14.0,9.0,0.0,0.0,0.0,0.0,0.0,0.0,0.0,0.5,0.125,0.4121184852417566,1.0
269,4.0,9.0,0.0,0.0,14.2,0.014766287110695159,0.033224145999064106,0.0,0.0,0.9999993192023292,0.125,0.4121184852417566,0.0
270,4.0,8.0,1.0,0.0,0.0,0.0,0.0,0.0,0.0,0.5,0.0,0.9893582466233818,1.0
271,0.0,16.0,1.0,0.0,1.7,0.0,0.007071179743149795,0.024890190336749635,0.0,0.8455347349164652,1.0,-0.2879033166650653,1.0
272,13.0,10.0,1.0,1.0,7.6,0.025685020537617637,0.019757708105859723,0.11127379209370425,0.010183572289963822,0.9994997988929205,0.25,-0.5440211108893698,1.0
273,13.0,0.0,1.0,1.0,10.4,0.03514792284095045,0.0,0.15226939970717424,0.013935414712582072,0.9999695684430994,-1.0,0.0,1.0
274,7.0,14.0,0.0,1.0,7.1,0.012920501221858264,0.025841002443716527,0.0,0.009513600428781991,0.9991755753136017,0.75,0.9906073556948704,1.0
275,4.0,8.0,1.0,1.0,0.0,0.0,0.0,0.0,0.0,0.5,0.0,0.9893582466233818,1.0
276,9.0,8.0,1.0,0.0,0.6,0.0014038371548900327,0.0012478552487911402,0.008784773060029283,0.0,0.6456563062257954,0.0,0.9893582466233818,1.0
277,1.0,12.0,1.0,1.0,0.0,0.0,0.0,0.0,0.0,0.5,0.5,-0.5365729180004349,1.0
278,15.0,0.0,1.0,1.0,11.4,0.04445484323818437,0.0,0.16691068814055637,0.015275358434945733,0.999988804640495,-1.0,0.0,1.0
279,6.0,16.0,0.0,0.0,12.9,0.020121665886757137,0.053657775698019036,0.0,0.0,0.9999975019559143,1.0,-0.2879033166650653,1.0
280,11.0,4.0,0.0,1.0,11.1,0.03174231789112463,0.011542661051318046,0.0,0.014873375318236634,0.999984887904559,-0.5,-0.7568024953079282,1.0
281,5.0,1.0,0.0,1.0,94.2,0.12244579628763064,0.02448915925752613,0.0,0.12622269864665686,1.0,-0.875,0.8414709848078965,0.0
282,14.0,15.0,0.0,0.0,0.0,0.0,0.0,0.0,0.0,0.5,0.875,0.6502878401571168,1.0
283,1.0,0.0,0.0,1.0,112.9,0.029350595330941615,0.0,0.0,0.15127964625485732,1.0,-1.0,0.0,0.0
284,8.0,13.0,1.0,1.0,0.6,0.0012478552487911402,0.0020277647792856027,0.008784773060029283,0.0008039662334181965,0.6456563062257954,0.625,0.4201670368266409,1.0
285,3.0,11.0,1.0,0.0,0.0,0.0,0.0,0.0,0.0,0.5,0.375,-0.9999902065507035,1.0
286,14.0,6.0,1.0,1.0,0.0,0.0,0.0,0.0,0.0,0.5,-0.25,-0.27941549819892586,1.0
287,0.0,10.0,1.0,0.0,1.7,0.0,0.004419487339468621,0.024890190336749635,0.0,0.8455347349164652,0.25,-0.5440211108893698,1.0
288,6.0,12.0,0.0,1.0,2.3,0.003587583840274528,0.007175167680549056,0.0,0.0030818705614364195,0.9088770389851438,0.5,-0.5365729180004349,1.0
289,6.0,16.0,1.0,1.0,2.5,0.0038995476524723133,0.010398793739926169,0.036603221083455345,0.003349859305909152,0.9241418199787566,1.0,-0.2879033166650653,1.0
290,6.0,6.0,0.0,1.0,69.6,0.10856340664482919,0.10856340664482919,0.0,0.09326008307651078,1.0,-0.25,-0.27941549819892586,0.0
291,10.0,16.0,0.0,0.0,13.0,0.03379607965476005,0.05407372744761608,0.0,0.0,0.999997739675702,1.0,-0.2879033166650653,1.0
292,11.0,3.0,1.0,0.0,0.0,0.0,0.0,0.0,0.0,0.5,-0.625,0.1411200080598672,1.0
293,16.0,3.0,1.0,0.0,4.4,0.01830187698227006,0.003431601934175636,0.06442166910688141,0.0,0.9878715650157257,-0.625,0.1411200080598672,1.0
294,16.0,7.0,1.0,0.0,25.3,0.10523579264805283,0.04604065928352311,0.3704245973645681,0.0,0.9999999999897116,-0.125,0.6569865987187891,0.0
295,4.0,5.0,1.0,1.0,2.0,0.0020797587479852338,0.0025996984349815422,0.029282576866764276,0.0026798874447273215,0.8807970779778823,-0.375,-0.9589242746631385,1.0
296,1.0,14.0,0.0,1.0,18.2,0.004731451151666406,0.06624031612332969,0.0,0.024386975747018626,0.9999999875307474,0.75,0.9906073556948704,0.0
297,4.0,2.0,1.0,1.0,3.7,0.0038475536837726827,0.0019237768418863413,0.05417276720351391,0.004957791772745545,0.9758729785823308,-0.75,0.9092974268256817,1.0
298,15.0,16.0,0.0,1.0,7.4,0.028856652628295117,0.03078042947018146,0.0,0.00991558354549109,0.9993891206405656,1.0,-0.2879033166650653,1.0
299,5.0,7.0,1.0,1.0,28.0,0.03639577808974159,0.050954089325638226,0.40995607613469986,0.0375184242261825,0.9999999999993086,-0.125,0.6569865987187891,1.0
300,9.0,14.0,0.0,0.0,2.6,0.00608329433785681,0.009462902303332812,0.0,0.0,0.9308615796566533,0.75,0.9906073556948704,1.0
301,13.0,13.0,0.0,0.0,0.5,0.0016898039827380024,0.0016898039827380024,0.0,0.0,0.6224593312018546,0.625,0.4201670368266409,1.0
302,14.0,14.0,1.0,0.0,0.0,0.0,0.0,0.0,0.0,0.5,0.75,0.9906073556948704,1.0
303,7.0,10.0,1.0,0.0,4.9,0.008916965631986691,0.012738522331409556,0.07174231332357248,0.0,0.9926084586557181,0.25,-0.5440211108893698,1.0
304,4.0,13.0,0.0,1.0,1.5,0.0015598190609889253,0.0050694119482140075,0.0,0.002009915583545491,0.8175744761936437,0.625,0.4201670368266409,1.0
305,10.0,15.0,1.0,0.0,1.0,0.0025996984349815422,0.0038995476524723133,0.014641288433382138,0.0,0.7310585786300049,0.875,0.6502878401571168,1.0
306,11.0,8.0,0.0,0.0,2.0,0.005719336556959393,0.0041595174959704675,0.0,0.0,0.8807970779778823,0.0,0.9893582466233818,1.0
307,16.0,0.0,0.0,1.0,96.9,0.40305724535953835,0.0,0.0,0.12984054669703873,1.0,-1.0,0.0,0.0
308,6.0,13.0,0.0,1.0,0.0,0.0,0.0,0.0,0.0,0.5,0.625,0.4201670368266409,1.0
309,6.0,0.0,1.0,0.0,1.8,0.0028076743097800658,0.0,0.02635431918008785,0.0,0.8581489350995123,-1.0,0.0,1.0
310,16.0,6.0,0.0,1.0,20.9,0.08693391566578276,0.03260021837466854,0.0,0.02800482379740051,0.9999999991619974,-0.25,-0.27941549819892586,1.0
311,14.0,0.0,1.0,1.0,3.2,0.01164664898871731,0.0,0.04685212298682284,0.004287819911563714,0.9608342772032357,-1.0,0.0,1.0
312,4.0,7.0,1.0,0.0,8.5,0.008838974678937243,0.015468205688140176,0.12445095168374817,0.0,0.9997965730219448,-0.125,0.6569865987187891,1.0
313,11.0,12.0,0.0,1.0,7.3,0.020875578432901783,0.02277335829043831,0.0,0.009781589173254723,0.9993249172693672,0.5,-0.5365729180004349,0.0
314,16.0,1.0,1.0,1.0,13.1,0.05448967919721312,0.00340560494982582,0.191800878477306,0.017553262762963956,0.9999979547735586,-0.875,0.8414709848078965,0.0
315,15.0,3.0,1.0,0.0,0.0,0.0,0.0,0.0,0.0,0.5,-0.625,0.1411200080598672,1.0
316,8.0,12.0,0.0,0.0,0.0,0.0,0.0,0.0,0.0,0.5,0.5,-0.5365729180004349,1.0
317,14.0,13.0,0.0,1.0,1.7,0.006187282275256071,0.0057453335413092076,0.0,0.002277904328018223,0.8455347349164652,0.625,0.4201670368266409,1.0
318,8.0,0.0,1.0,0.0,0.6,0.0012478552487911402,0.0,0.008784773060029283,0.0,0.6456563062257954,-1.0,0.0,1.0
319,4.0,14.0,0.0,0.0,0.0,0.0,0.0,0.0,0.0,0.5,0.75,0.9906073556948704,1.0
320,16.0,9.0,0.0,0.0,11.3,0.04700254770446629,0.026438933083762287,0.0,0.0,0.9999876272288255,0.125,0.4121184852417566,1.0
321,11.0,15.0,1.0,1.0,5.1,0.01458430822024645,0.0198876930276088,0.0746705710102489,0.00683371298405467,0.9939401985084158,0.875,0.6502878401571168,1.0
322,6.0,13.0,1.0,0.0,0.0,0.0,0.0,0.0,0.0,0.5,0.625,0.4201670368266409,1.0
323,6.0,3.0,0.0,0.0,1.4,0.002183746685384495,0.0010918733426922476,0.0,0.0,0.8021838885585817,-0.625,0.1411200080598672,1.0
324,16.0,6.0,0.0,0.0,3.7,0.01539021473509073,0.005771330525659025,0.0,0.0,0.9758729785823308,-0.25,-0.27941549819892586,1.0
325,7.0,0.0,0.0,0.0,11.4,0.020745593511152707,0.0,0.0,0.0,0.999988804640495,-1.0,0.0,1.0
326,2.0,13.0,1.0,1.0,0.0,0.0,0.0,0.0,0.0,0.5,0.625,0.4201670368266409,1.0
327,1.0,10.0,0.0,0.0,8.3,0.0021577497010346804,0.0215774970103468,0.0,0.0,0.9997515449181605,0.25,-0.5440211108893698,1.0
328,8.0,7.0,1.0,1.0,5.7,0.011854624863515833,0.010372796755576353,0.08345534407027819,0.007637679217472867,0.9966651926925867,-0.125,0.6569865987187891,1.0
329,10.0,4.0,1.0,1.0,7.1,0.01845785888836895,0.0073831435553475796,0.10395314787701318,0.009513600428781991,0.9991755753136017,-0.5,-0.7568024953079282,1.0
330,3.0,16.0,0.0,0.0,5.1,0.0039775386055217596,0.021213539229449383,0.0,0.0,0.9939401985084158,1.0,-0.2879033166650653,1.0
331,11.0,9.0,0.0,1.0,62.3,0.17815733374928508,0.14576509124941506,0.0,0.08347849390325607,1.0,0.125,0.4121184852417566,0.0
332,16.0,13.0,0.0,0.0,0.0,0.0,0.0,0.0,0.0,0.5,0.625,0.4201670368266409,1.0
333,15.0,4.0,1.0,0.0,0.0,0.0,0.0,0.0,0.0,0.5,-0.5,-0.7568024953079282,1.0
334,4.0,6.0,0.0,0.0,12.3,0.01279051630010919,0.019185774450163784,0.0,0.0,0.9999954482762552,-0.25,-0.27941549819892586,1.0
335,3.0,8.0,1.0,1.0,4.1,0.0031976290750272965,0.008527010866739458,0.06002928257686676,0.005493769261691009,0.9836975006285591,0.0,0.9893582466233818,1.0
336,10.0,14.0,0.0,0.0,1.8,0.004679457182966776,0.006551240056153486,0.0,0.0,0.8581489350995123,0.75,0.9906073556948704,1.0
337,15.0,14.0,1.0,0.0,0.0,0.0,0.0,0.0,0.0,0.5,0.75,0.9906073556948704,1.0
338,13.0,6.0,1.0,1.0,3.0,0.010138823896428015,0.004679457182966776,0.043923865300146414,0.004019831167090982,0.9525741268224334,-0.25,-0.27941549819892586,1.0
339,3.0,15.0,0.0,1.0,48.5,0.03782561222898144,0.18912806114490718,0.0,0.06498727053463754,1.0,0.875,0.6502878401571168,0.0
340,16.0,2.0,0.0,0.0,1.0,0.0041595174959704675,0.0005199396869963084,0.0,0.0,0.7310585786300049,-0.75,0.9092974268256817,1.0
341,1.0,4.0,0.0,1.0,33.1,0.008605001819788904,0.03442000727915562,0.0,0.044352137210237175,0.9999999999999958,-0.5,-0.7568024953079282,1.0
342,11.0,7.0,0.0,0.0,0.9,0.002573701450631727,0.0016378100140383716,0.0,0.0,0.7109495026250039,-0.125,0.6569865987187891,1.0
343,2.0,12.0,1.0,0.0,0.0,0.0,0.0,0.0,0.0,0.5,0.5,-0.5365729180004349,1.0
344,6.0,1.0,0.0,1.0,10.0,0.015598190609889253,0.0025996984349815422,0.0,0.013399437223636608,0.9999546021312976,-0.875,0.8414709848078965,0.0
345,11.0,3.0,0.0,1.0,54.7,0.1564238548328394,0.042661051318047115,0.0,0.07329492161329225,1.0,-0.625,0.1411200080598672,0.0
346,5.0,16.0,0.0,1.0,62.5,0.0812405760931732,0.2599698434981542,0.0,0.0837464826477288,1.0,1.0,-0.2879033166650653,0.0
347,14.0,11.0,0.0,1.0,114.0,0.41491187022305415,0.3260021837466854,0.0,0.15275358434945732,1.0,0.375,-0.9999902065507035,0.0
348,12.0,2.0,0.0,1.0,7.6,0.023709249727031662,0.003951541621171944,0.0,0.010183572289963822,0.9994997988929205,-0.75,0.9092974268256817,1.0
349,15.0,0.0,0.0,0.0,0.5,0.0019497738262361567,0.0,0.0,0.0,0.6224593312018546,-1.0,0.0,1.0
350,16.0,2.0,1.0,1.0,13.7,0.0569853896947954,0.007123173711849425,0.2005856515373353,0.01835722899638215,0.9999988775548947,-0.75,0.9092974268256817,0.0
351,9.0,13.0,0.0,0.0,0.0,0.0,0.0,0.0,0.0,0.5,0.625,0.4201670368266409,1.0
352,4.0,14.0,0.0,1.0,3.2,0.003327613996776374,0.01164664898871731,0.0,0.004287819911563714,0.9608342772032357,0.75,0.9906073556948704,1.0
353,16.0,2.0,1.0,0.0,7.5,0.031196381219778507,0.0038995476524723133,0.10980966325036604,0.0,0.9994472213630764,-0.75,0.9092974268256817,1.0
354,14.0,5.0,1.0,1.0,0.0,0.0,0.0,0.0,0.0,0.5,-0.375,-0.9589242746631385,1.0
355,13.0,5.0,0.0,0.0,0.0,0.0,0.0,0.0,0.0,0.5,-0.375,-0.9589242746631385,1.0
356,12.0,10.0,0.0,1.0,9.6,0.029948525970987364,0.024957104975822805,0.0,0.012863459734691144,0.9999322758503804,0.25,-0.5440211108893698,1.0
357,11.0,7.0,1.0,1.0,4.6,0.013154474081006602,0.008371028960640564,0.06734992679355783,0.006163741122872839,0.9900481981330957,-0.125,0.6569865987187891,1.0
358,3.0,2.0,0.0,1.0,58.2,0.045390734674777736,0.030260489783185154,0.0,0.07798472464156506,1.0,-0.75,0.9092974268256817,0.0
359,11.0,14.0,0.0,1.0,36.2,0.10351999168096503,0.13175271668486457,0.0,0.04850596274956452,0.9999999999999998,0.75,0.9906073556948704,0.0
360,11.0,16.0,1.0,0.0,3.4,0.009722872146830968,0.01414235948629959,0.04978038067349927,0.0,0.9677045353015494,1.0,-0.2879033166650653,1.0
361,9.0,11.0,0.0,0.0,4.2,0.00982686008423023,0.012010606769614726,0.0,0.0,0.9852259683067269,0.375,-0.9999902065507035,1.0
362,2.0,8.0,0.0,0.0,0.0,0.0,0.0,0.0,0.0,0.5,0.0,0.9893582466233818,1.0
363,12.0,8.0,1.0,1.0,1.1,0.003431601934175636,0.0022877346227837573,0.016105417276720352,0.001473938094600027,0.7502601055951177,0.0,0.9893582466233818,1.0
364,8.0,5.0,0.0,0.0,0.0,0.0,0.0,0.0,0.0,0.5,-0.375,-0.9589242746631385,1.0
365,5.0,5.0,1.0,0.0,7.2,0.009358914365933552,0.009358914365933552,0.1054172767203514,0.0,0.9992539711661633,-0.375,-0.9589242746631385,1.0
366,9.0,15.0,0.0,1.0,64.0,0.14974262985493683,0.24957104975822805,0.0,0.08575639823127429,1.0,0.875,0.6502878401571168,0.0
367,5.0,9.0,1.0,0.0,9.5,0.012348567566162325,0.022227421619092184,0.1390922401171303,0.0,0.9999251537724895,0.125,0.4121184852417566,0.0
368,6.0,2.0,1.0,1.0,0.4,0.0006239276243955702,0.0002079758747985234,0.005856515373352855,0.0005359774889454643,0.598687660112452,-0.75,0.9092974268256817,1.0
369,5.0,9.0,0.0,0.0,41.7,0.05420371236936516,0.09756668226485728,0.0,0.0,1.0,0.125,0.4121184852417566,0.0
370,9.0,5.0,0.0,1.0,6.8,0.015910154422087038,0.008838974678937243,0.0,0.009111617312072893,0.9988874639671398,-0.375,-0.9589242746631385,1.0
371,12.0,12.0,1.0,1.0,0.9,0.0028076743097800658,0.0028076743097800658,0.013177159590043924,0.0012059493501272948,0.7109495026250039,0.5,-0.5365729180004349,1.0
372,2.0,11.0,0.0,1.0,193.8,0.10076431133988459,0.5542037123693652,0.0,0.25968109339407747,1.0,0.375,-0.9999902065507035,0.0
373,15.0,1.0,1.0,1.0,2.3,0.00896895960068632,0.0005979306400457547,0.03367496339677892,0.0030818705614364195,0.9088770389851438,-0.875,0.8414709848078965,1.0
374,7.0,2.0,0.0,0.0,3.8,0.006915197837050901,0.001975770810585972,0.0,0.0,0.9781187290638694,-0.75,0.9092974268256817,1.0
375,15.0,10.0,1.0,1.0,10.6,0.04133520511620652,0.027556803410804347,0.15519765739385066,0.014203403457054804,0.9999750846110607,0.25,-0.5440211108893698,1.0
376,3.0,4.0,0.0,1.0,26.9,0.02097956637030104,0.027972755160401392,0.0,0.036044486131582475,0.9999999999979228,-0.5,-0.7568024953079282,1.0
377,1.0,14.0,0.0,0.0,1.1,0.00028596682784796967,0.004003535589871576,0.0,0.0,0.7502601055951177,0.75,0.9906073556948704,1.0
378,10.0,2.0,1.0,1.0,8.0,0.020797587479852338,0.0041595174959704675,0.1171303074670571,0.010719549778909286,0.9996646498695336,-0.75,0.9092974268256817,1.0
379,14.0,8.0,1.0,1.0,3.7,0.01346643789320439,0.007695107367545365,0.05417276720351391,0.004957791772745545,0.9758729785823308,0.0,0.9893582466233818,1.0
380,14.0,1.0,0.0,0.0,0.0,0.0,0.0,0.0,0.0,0.5,-0.875,0.8414709848078965,1.0
381,15.0,2.0,0.0,1.0,10.3,0.04016534082046483,0.005355378776061978,0.0,0.013801420340345706,0.9999663680359613,-0.75,0.9092974268256817,1.0
382,7.0,3.0,0.0,1.0,34.9,0.06351063276659907,0.027218842614256743,0.0,0.04676403591049176,0.9999999999999993,-0.625,0.1411200080598672,0.0
383,9.0,0.0,1.0,1.0,29.7,0.06948993916705663,0.0,0.43484626647144947,0.039796328554200726,0.9999999999998737,-1.0,0.0,0.0
384,12.0,8.0,0.0,0.0,0.5,0.0015598190609889253,0.0010398793739926169,0.0,0.0,0.6224593312018546,0.0,0.9893582466233818,1.0
385,8.0,12.0,1.0,0.0,0.0,0.0,0.0,0.0,0.0,0.5,0.5,-0.5365729180004349,1.0
386,5.0,0.0,1.0,0.0,0.8,0.0010398793739926169,0.0,0.01171303074670571,0.0,0.6899744811276125,-1.0,0.0,1.0
387,0.0,7.0,0.0,1.0,27.8,0.0,0.05059013154474081,0.0,0.03725043548170977,0.9999999999991556,-0.125,0.6569865987187891,0.0
388,15.0,0.0,1.0,0.0,0.0,0.0,0.0,0.0,0.0,0.5,-1.0,0.0,1.0
389,15.0,10.0,0.0,1.0,34.7,0.13531430354078927,0.09020953569385952,0.0,0.04649604716601903,0.9999999999999991,0.25,-0.5440211108893698,1.0
390,3.0,0.0,1.0,1.0,8.8,0.006863203868351272,0.0,0.12884333821376281,0.011791504756800216,0.9998492896419403,-1.0,0.0,1.0
391,4.0,3.0,1.0,0.0,1.0,0.0010398793739926169,0.0007799095304944627,0.014641288433382138,0.0,0.7310585786300049,-0.625,0.1411200080598672,1.0
392,9.0,6.0,1.0,1.0,13.4,0.0313523631258774,0.0209015754172516,0.19619326500732065,0.017955245879673055,0.9999984848581834,-0.25,-0.27941549819892586,1.0
393,7.0,13.0,0.0,0.0,0.0,0.0,0.0,0.0,0.0,0.5,0.625,0.4201670368266409,1.0
394,3.0,3.0,1.0,1.0,8.6,0.006707221962252378,0.006707221962252378,0.1259150805270864,0.011523516012327482,0.9998159280950366,-0.625,0.1411200080598672,1.0
395,5.0,5.0,0.0,0.0,33.1,0.04302500909894452,0.04302500909894452,0.0,0.0,0.9999999999999958,-0.375,-0.9589242746631385,1.0
396,7.0,11.0,0.0,0.0,7.1,0.012920501221858264,0.020303644777205844,0.0,0.0,0.9991755753136017,0.375,-0.9999902065507035,1.0
397,0.0,4.0,1.0,1.0,1.4,0.0,0.0014558311235896636,0.020497803806734993,0.001875921211309125,0.8021838885585817,-0.5,-0.7568024953079282,1.0
398,11.0,15.0,1.0,0.0,0.5,0.0014298341392398482,0.0019497738262361567,0.007320644216691069,0.0,0.6224593312018546,0.875,0.6502878401571168,1.0
399,0.0,7.0,1.0,0.0,2.2,0.0,0.004003535589871576,0.032210834553440704,0.0,0.9002495108803148,-0.125,0.6569865987187891,1.0
400,8.0,8.0,0.0,0.0,0.0,0.0,0.0,0.0,0.0,0.5,0.0,0.9893582466233818,1.0
401,11.0,6.0,0.0,1.0,15.2,0.04346695783289138,0.023709249727031662,0.0,0.020367144579927644,0.9999997495484255,-0.25,-0.27941549819892586,1.0
402,15.0,14.0,0.0,0.0,0.0,0.0,0.0,0.0,0.0,0.5,0.75,0.9906073556948704,1.0
403,5.0,4.0,0.0,1.0,746.3,0.9700774710133625,0.7760619768106899,0.0,1.0,1.0,-0.5,-0.7568024953079282,0.0
404,8.0,11.0,0.0,1.0,293.2,0.6097852649092705,0.8384547392502469,0.0,0.3928714993970253,1.0,0.375,-0.9999902065507035,0.0
405,3.0,14.0,1.0,0.0,0.7,0.0005459366713461238,0.002547704466281911,0.010248901903367497,0.0,0.6681877721681662,0.75,0.9906073556948704,1.0
406,6.0,12.0,1.0,1.0,0.0,0.0,0.0,0.0,0.0,0.5,0.5,-0.5365729180004349,1.0
407,16.0,15.0,1.0,0.0,3.2,0.013310455987105497,0.012478552487911403,0.04685212298682284,0.0,0.9608342772032357,0.875,0.6502878401571168,1.0
408,2.0,4.0,1.0,1.0,3.1,0.0016118130296885562,0.0032236260593771124,0.04538799414348463,0.004153825539327348,0.9568927450589139,-0.5,-0.7568024953079282,1.0
409,2.0,9.0,0.0,1.0,236.9,0.12317371184942548,0.5542817033224146,0.0,0.31743266782795126,1.0,0.125,0.4121184852417566,0.0
410,11.0,1.0,0.0,1.0,13.1,0.037461654448084025,0.00340560494982582,0.0,0.017553262762963956,0.9999979547735586,-0.875,0.8414709848078965,0.0
411,7.0,1.0,1.0,0.0,0.5,0.0009098944522435398,0.0001299849217490771,0.007320644216691069,0.0,0.6224593312018546,-0.875,0.8414709848078965,1.0
412,12.0,5.0,0.0,0.0,0.0,0.0,0.0,0.0,0.0,0.5,-0.375,-0.9589242746631385,1.0
413,7.0,5.0,1.0,0.0,0.0,0.0,0.0,0.0,0.0,0.5,-0.375,-0.9589242746631385,1.0
414,1.0,13.0,0.0,0.0,0.0,0.0,0.0,0.0,0.0,0.5,0.625,0.4201670368266409,1.0
415,4.0,6.0,1.0,0.0,4.0,0.0041595174959704675,0.006239276243955701,0.05856515373352855,0.0,0.9820137900379085,-0.25,-0.27941549819892586,1.0
416,3.0,7.0,1.0,1.0,6.0,0.004679457182966776,0.010918733426922476,0.08784773060029283,0.008039662334181965,0.9975273768433653,-0.125,0.6569865987187891,1.0
417,1.0,15.0,1.0,1.0,2.3,0.0005979306400457547,0.00896895960068632,0.03367496339677892,0.0030818705614364195,0.9088770389851438,0.875,0.6502878401571168,1.0
418,1.0,9.0,1.0,1.0,13.0,0.003379607965476005,0.030416471689284044,0.1903367496339678,0.01741926839072759,0.999997739675702,0.125,0.4121184852417566,1.0
419,8.0,1.0,1.0,1.0,1.6,0.003327613996776374,0.0004159517495970468,0.02342606149341142,0.002143909955781857,0.8320183851339245,-0.875,0.8414709848078965,1.0
420,5.0,12.0,1.0,0.0,0.3,0.00038995476524723133,0.0009358914365933551,0.004392386530014641,0.0,0.574442516811659,0.5,-0.5365729180004349,1.0
421,9.0,7.0,0.0,0.0,12.3,0.028778661675245672,0.02238340352519108,0.0,0.0,0.9999954482762552,-0.125,0.6569865987187891,1.0
422,14.0,3.0,0.0,1.0,23.1,0.08407424738730308,0.01801591015442209,0.0,0.030952699986600565,0.9999999999071467,-0.625,0.1411200080598672,0.0
423,5.0,1.0,0.0,0.0,8.8,0.011438673113918786,0.0022877346227837573,0.0,0.0,0.9998492896419403,-0.875,0.8414709848078965,1.0
424,9.0,12.0,0.0,0.0,0.0,0.0,0.0,0.0,0.0,0.5,0.5,-0.5365729180004349,1.0
425,5.0,16.0,1.0,1.0,10.1,0.013128477096656788,0.04201112670930172,0.1478770131771596,0.013533431595872973,0.9999589221322353,1.0,-0.2879033166650653,0.0
426,1.0,14.0,1.0,1.0,0.9,0.0002339728591483388,0.003275620028076743,0.013177159590043924,0.0012059493501272948,0.7109495026250039,0.75,0.9906073556948704,1.0
427,0.0,14.0,0.0,1.0,22.2,0.0,0.08079862735922634,0.0,0.02974675063647327,0.9999999997716176,0.75,0.9906073556948704,0.0
428,14.0,12.0,1.0,1.0,0.0,0.0,0.0,0.0,0.0,0.5,0.5,-0.5365729180004349,1.0
429,2.0,2.0,1.0,1.0,7.0,0.003639577808974159,0.003639577808974159,0.10248901903367497,0.009379606056545624,0.9990889488055994,-0.75,0.9092974268256817,1.0
430,3.0,4.0,0.0,0.0,2.1,0.0016378100140383718,0.0021837466853844955,0.0,0.0,0.8909031788043871,-0.5,-0.7568024953079282,1.0
431,6.0,5.0,1.0,0.0,0.0,0.0,0.0,0.0,0.0,0.5,-0.375,-0.9589242746631385,1.0
432,12.0,16.0,1.0,1.0,0.8,0.002495710497582281,0.003327613996776374,0.01171303074670571,0.0010719549778909286,0.6899744811276125,1.0,-0.2879033166650653,1.0
433,0.0,12.0,1.0,1.0,1.4,0.0,0.00436749337076899,0.020497803806734993,0.001875921211309125,0.8021838885585817,0.5,-0.5365729180004349,1.0
434,15.0,13.0,1.0,1.0,0.0,0.0,0.0,0.0,0.0,0.5,0.625,0.4201670368266409,1.0
435,1.0,5.0,1.0,1.0,0.0,0.0,0.0,0.0,0.0,0.5,-0.375,-0.9589242746631385,1.0
436,15.0,16.0,1.0,0.0,0.7,0.002729683356730619,0.002911662247179327,0.010248901903367497,0.0,0.6681877721681662,1.0,-0.2879033166650653,1.0
437,7.0,12.0,0.0,1.0,3.8,0.006915197837050901,0.011854624863515831,0.0,0.005091786144981911,0.9781187290638694,0.5,-0.5365729180004349,1.0
438,9.0,16.0,0.0,1.0,57.1,0.13359850257370146,0.2375084490199137,0.0,0.07651078654696503,1.0,1.0,-0.2879033166650653,0.0
439,8.0,6.0,1.0,0.0,0.0,0.0,0.0,0.0,0.0,0.5,-0.25,-0.27941549819892586,1.0
440,1.0,6.0,1.0,1.0,0.9,0.0002339728591483388,0.0014038371548900329,0.013177159590043924,0.0012059493501272948,0.7109495026250039,-0.25,-0.27941549819892586,1.0
441,10.0,7.0,0.0,1.0,117.2,0.30468465657983673,0.21327925960588573,0.0,0.15704140426102103,1.0,-0.125,0.6569865987187891,0.0
442,16.0,5.0,0.0,1.0,4.5,0.018717828731867104,0.00584932147870847,0.0,0.006029746750636474,0.9890130573694068,-0.375,-0.9589242746631385,1.0
443,13.0,0.0,1.0,0.0,0.0,0.0,0.0,0.0,0.0,0.5,-1.0,0.0,1.0
444,13.0,7.0,1.0,1.0,7.3,0.024671138147974832,0.013284459002755681,0.10688140556368961,0.009781589173254723,0.9993249172693672,-0.125,0.6569865987187891,1.0
445,3.0,12.0,1.0,0.0,0.0,0.0,0.0,0.0,0.0,0.5,0.5,-0.5365729180004349,1.0
446,5.0,2.0,0.0,0.0,7.2,0.009358914365933552,0.003743565746373421,0.0,0.0,0.9992539711661633,-0.75,0.9092974268256817,1.0
447,7.0,10.0,1.0,1.0,6.9,0.01255654344096085,0.01793791920137264,0.10102489019033675,0.00924561168430926,0.9989932291799144,0.25,-0.5440211108893698,1.0
448,4.0,15.0,1.0,0.0,0.0,0.0,0.0,0.0,0.0,0.5,0.875,0.6502878401571168,1.0
449,15.0,4.0,0.0,0.0,0.0,0.0,0.0,0.0,0.0,0.5,-0.5,-0.7568024953079282,1.0
450,16.0,2.0,0.0,1.0,33.7,0.14017573961420476,0.017521967451775596,0.0,0.04515610344365537,0.9999999999999978,-0.75,0.9092974268256817,0.0
451,9.0,10.0,0.0,1.0,124.0,0.2901263453439401,0.3223626059377112,0.0,0.16615302157309395,1.0,0.25,-0.5440211108893698,0.0
452,16.0,1.0,1.0,0.0,4.9,0.020381635730255292,0.0012738522331409558,0.07174231332357248,0.0,0.9926084586557181,-0.875,0.8414709848078965,1.0
453,6.0,5.0,0.0,0.0,0.5,0.0007799095304944627,0.0006499246087453856,0.0,0.0,0.6224593312018546,-0.375,-0.9589242746631385,1.0
454,16.0,16.0,0.0,0.0,13.7,0.0569853896947954,0.0569853896947954,0.0,0.0,0.9999988775548947,1.0,-0.2879033166650653,1.0
455,3.0,11.0,0.0,0.0,5.1,0.0039775386055217596,0.01458430822024645,0.0,0.0,0.9939401985084158,0.375,-0.9999902065507035,1.0
456,6.0,16.0,0.0,1.0,9.0,0.014038371548900329,0.03743565746373421,0.0,0.012059493501272948,0.9998766054240137,1.0,-0.2879033166650653,1.0
457,3.0,1.0,1.0,1.0,4.3,0.003353610981126189,0.0011178703270420631,0.0629575402635432,0.005761758006163741,0.9866130821723351,-0.875,0.8414709848078965,1.0
458,4.0,10.0,0.0,0.0,16.0,0.01663806998388187,0.041595174959704675,0.0,0.0,0.9999998874648379,0.25,-0.5440211108893698,0.0
459,12.0,4.0,0.0,0.0,0.5,0.0015598190609889253,0.0005199396869963084,0.0,0.0,0.6224593312018546,-0.5,-0.7568024953079282,1.0
460,8.0,8.0,1.0,1.0,1.5,0.0031196381219778507,0.0031196381219778507,0.021961932650073207,0.002009915583545491,0.8175744761936437,0.0,0.9893582466233818,1.0
461,9.0,0.0,0.0,0.0,9.6,0.022461394478240523,0.0,0.0,0.0,0.9999322758503804,-1.0,0.0,1.0
462,7.0,9.0,1.0,0.0,5.9,0.010736754536473771,0.013804398689751989,0.08638360175695461,0.0,0.997268039236989,0.125,0.4121184852417566,1.0
463,3.0,14.0,0.0,1.0,33.2,0.02589299641241616,0.1208339832579421,0.0,0.04448613158247354,0.9999999999999962,0.75,0.9906073556948704,0.0
464,1.0,10.0,1.0,1.0,12.8,0.003327613996776374,0.03327613996776374,0.18740849194729137,0.017151279646254857,0.9999972392350497,0.25,-0.5440211108893698,1.0
465,10.0,0.0,0.0,0.0,11.3,0.02937659231529143,0.0,0.0,0.0,0.9999876272288255,-1.0,0.0,1.0
466,6.0,0.0,1.0,1.0,2.3,0.003587583840274528,0.0,0.03367496339677892,0.0030818705614364195,0.9088770389851438,-1.0,0.0,1.0
467,14.0,16.0,0.0,0.0,0.0,0.0,0.0,0.0,0.0,0.5,1.0,-0.2879033166650653,1.0
468,10.0,5.0,0.0,1.0,8.7,0.022617376384339416,0.011308688192169708,0.0,0.011657510384563847,0.9998334419352227,-0.375,-0.9589242746631385,1.0
469,7.0,4.0,0.0,0.0,7.6,0.013830395674101803,0.007903083242343888,0.0,0.0,0.9994997988929205,-0.5,-0.7568024953079282,1.0
470,14.0,0.0,0.0,1.0,67.9,0.24712733322934544,0.0,0.0,0.09098217874849257,1.0,-1.0,0.0,0.0
471,1.0,7.0,1.0,1.0,14.0,0.003639577808974159,0.025477044662819113,0.20497803806734993,0.01875921211309125,0.9999991684719722,-0.125,0.6569865987187891,1.0
472,16.0,4.0,1.0,1.0,18.9,0.07861488067384183,0.019653720168460457,0.2767203513909224,0.025324936352673185,0.9999999938079522,-0.5,-0.7568024953079282,1.0
473,0.0,6.0,1.0,1.0,5.6,0.0,0.00873498674153798,0.08199121522693997,0.0075036848452365,0.9963157601005641,-0.25,-0.27941549819892586,1.0
474,7.0,0.0,1.0,1.0,5.4,0.00982686008423023,0.0,0.07906295754026355,0.007235696100763769,0.9955037268390589,-1.0,0.0,1.0
475,2.0,1.0,0.0,0.0,1.0,0.0005199396869963084,0.0002599698434981542,0.0,0.0,0.7310585786300049,-0.875,0.8414709848078965,1.0
476,14.0,14.0,1.0,1.0,3.4,0.012374564550512142,0.012374564550512142,0.04978038067349927,0.004555808656036446,0.9677045353015494,0.75,0.9906073556948704,1.0
477,8.0,0.0,0.0,0.0,2.4,0.004991420995164561,0.0,0.0,0.0,0.9168273035060777,-1.0,0.0,1.0
478,4.0,5.0,1.0,0.0,1.7,0.0017677949357874487,0.0022097436697343107,0.024890190336749635,0.0,0.8455347349164652,-0.375,-0.9589242746631385,1.0
479,9.0,9.0,1.0,0.0,7.0,0.016378100140383715,0.016378100140383715,0.10248901903367497,0.0,0.9990889488055994,0.125,0.4121184852417566,1.0
480,1.0,7.0,0.0,1.0,106.5,0.027686788332553426,0.19380751832787396,0.0,0.14270400643172987,1.0,-0.125,0.6569865987187891,0.0
481,14.0,2.0,1.0,0.0,0.0,0.0,0.0,0.0,0.0,0.5,-0.75,0.9092974268256817,1.0
482,14.0,1.0,1.0,1.0,0.4,0.0014558311235896638,0.0001039879373992617,0.005856515373352855,0.0005359774889454643,0.598687660112452,-0.875,0.8414709848078965,1.0
483,10.0,11.0,1.0,1.0,12.5,0.03249623043726928,0.0357458534809962,0.18301610541727673,0.016749296529545758,0.9999962733607158,0.375,-0.9999902065507035,1.0
484,7.0,14.0,1.0,0.0,0.0,0.0,0.0,0.0,0.0,0.5,0.75,0.9906073556948704,1.0
485,8.0,13.0,0.0,1.0,4.4,0.00915093849113503,0.014870275048094423,0.0,0.005895752378400108,0.9878715650157257,0.625,0.4201670368266409,0.0
486,4.0,13.0,1.0,1.0,0.0,0.0,0.0,0.0,0.0,0.5,0.625,0.4201670368266409,1.0
487,0.0,14.0,0.0,0.0,0.0,0.0,0.0,0.0,0.0,0.5,0.75,0.9906073556948704,1.0
488,2.0,5.0,1.0,0.0,0.0,0.0,0.0,0.0,0.0,0.5,-0.375,-0.9589242746631385,1.0
489,3.0,14.0,1.0,1.0,1.7,0.0013258462018405864,0.006187282275256071,0.024890190336749635,0.002277904328018223,0.8455347349164652,0.75,0.9906073556948704,1.0
490,11.0,2.0,1.0,1.0,5.4,0.015442208703790362,0.0028076743097800658,0.07906295754026355,0.007235696100763769,0.9955037268390589,-0.75,0.9092974268256817,1.0
491,10.0,8.0,0.0,0.0,2.1,0.005459366713461238,0.004367493370768991,0.0,0.0,0.8909031788043871,0.0,0.9893582466233818,1.0
492,15.0,3.0,0.0,0.0,0.5,0.0019497738262361567,0.00038995476524723133,0.0,0.0,0.6224593312018546,-0.625,0.1411200080598672,1.0
493,4.0,12.0,0.0,0.0,0.0,0.0,0.0,0.0,0.0,0.5,0.5,-0.5365729180004349,1.0
494,0.0,8.0,0.0,0.0,0.6,0.0,0.0012478552487911402,0.0,0.0,0.6456563062257954,0.0,0.9893582466233818,1.0
495,8.0,12.0,1.0,1.0,1.3,0.002703686372380804,0.004055529558571206,0.01903367496339678,0.001741926839072759,0.7858349830425586,0.5,-0.5365729180004349,1.0
496,2.0,14.0,1.0,1.0,0.8,0.0004159517495970468,0.0029116622471793275,0.01171303074670571,0.0010719549778909286,0.6899744811276125,0.75,0.9906073556948704,1.0
497,6.0,12.0,0.0,0.0,0.0,0.0,0.0,0.0,0.0,0.5,0.5,-0.5365729180004349,1.0
498,8.0,10.0,0.0,0.0,0.5,0.0010398793739926169,0.0012998492174907711,0.0,0.0,0.6224593312018546,0.25,-0.5440211108893698,1.0
499,0.0,0.0,0.0,1.0,110.3,0.0,0.0,0.0,0.14779579257671177,1.0,-1.0,0.0,0.0
500,12.0,10.0,1.0,1.0,2.3,0.007175167680549056,0.0059793064004575475,0.03367496339677892,0.0030818705614364195,0.9088770389851438,0.25,-0.5440211108893698,1.0
501,3.0,10.0,1.0,0.0,2.4,0.0018717828731867102,0.006239276243955701,0.03513909224011713,0.0,0.9168273035060777,0.25,-0.5440211108893698,1.0
502,14.0,7.0,0.0,0.0,0.0,0.0,0.0,0.0,0.0,0.5,-0.125,0.6569865987187891,1.0
503,13.0,7.0,0.0,1.0,54.5,0.18418863411844227,0.09917849529454584,0.0,0.0730269328688195,1.0,-0.125,0.6569865987187891,0.0
504,3.0,2.0,1.0,0.0,0.5,0.00038995476524723133,0.0002599698434981542,0.007320644216691069,0.0,0.6224593312018546,-0.75,0.9092974268256817,1.0
505,9.0,15.0,1.0,0.0,0.0,0.0,0.0,0.0,0.0,0.5,0.875,0.6502878401571168,1.0
506,12.0,13.0,0.0,0.0,0.0,0.0,0.0,0.0,0.0,0.5,0.625,0.4201670368266409,1.0
507,2.0,11.0,1.0,1.0,10.6,0.005511360682160869,0.03031248375188478,0.15519765739385066,0.014203403457054804,0.9999750846110607,0.375,-0.9999902065507035,1.0
508,4.0,5.0,0.0,1.0,11.2,0.011646648988717308,0.014558311235896636,0.0,0.015007369690473,0.9999863259909154,-0.375,-0.9589242746631385,0.0
509,13.0,11.0,0.0,1.0,165.7,0.560001039879374,0.47384703374408566,0.0,0.22202867479565858,1.0,0.375,-0.9999902065507035,0.0
510,8.0,15.0,0.0,1.0,59.0,0.1227057661311288,0.2300733114958665,0.0,0.07905667961945599,1.0,0.875,0.6502878401571168,0.0
511,12.0,11.0,0.0,0.0,0.9,0.0028076743097800658,0.002573701450631727,0.0,0.0,0.7109495026250039,0.375,-0.9999902065507035,1.0
512,6.0,7.0,1.0,0.0,0.9,0.0014038371548900329,0.0016378100140383716,0.013177159590043924,0.0,0.7109495026250039,-0.125,0.6569865987187891,1.0
513,11.0,12.0,0.0,0.0,0.6,0.0017158009670878178,0.0018717828731867102,0.0,0.0,0.6456563062257954,0.5,-0.5365729180004349,1.0
514,16.0,15.0,1.0,1.0,15.6,0.06488847293713929,0.06083294337856809,0.22840409956076135,0.02090312206887311,0.9999998321172752,0.875,0.6502878401571168,1.0
515,1.0,2.0,0.0,1.0,45.7,0.011880621847865648,0.023761243695731297,0.0,0.0612354281120193,1.0,-0.75,0.9092974268256817,0.0
516,10.0,2.0,0.0,0.0,3.9,0.010138823896428015,0.0020277647792856027,0.0,0.0,0.9801596942659225,-0.75,0.9092974268256817,1.0
517,16.0,8.0,0.0,0.0,1.6,0.006655227993552748,0.003327613996776374,0.0,0.0,0.8320183851339245,0.0,0.9893582466233818,1.0
518,1.0,11.0,1.0,0.0,1.1,0.00028596682784796967,0.0031456351063276666,0.016105417276720352,0.0,0.7502601055951177,0.375,-0.9999902065507035,1.0
519,7.0,10.0,0.0,0.0,14.6,0.026568918005511363,0.03795559715073052,0.0,0.0,0.9999995436475715,0.25,-0.5440211108893698,0.0
520,8.0,4.0,1.0,0.0,0.0,0.0,0.0,0.0,0.0,0.5,-0.5,-0.7568024953079282,1.0
521,9.0,16.0,1.0,1.0,10.8,0.025269068788020592,0.04492278895648105,0.1581259150805271,0.014471392201527537,0.9999796009127201,1.0,-0.2879033166650653,1.0
522,4.0,10.0,0.0,1.0,64.4,0.06696823168512453,0.1674205792128113,0.0,0.08629237572021976,1.0,0.25,-0.5440211108893698,0.0
523,6.0,15.0,1.0,0.0,0.0,0.0,0.0,0.0,0.0,0.5,0.875,0.6502878401571168,1.0
524,7.0,1.0,0.0,0.0,2.6,0.004731451151666406,0.000675921593095201,0.0,0.0,0.9308615796566533,-0.875,0.8414709848078965,1.0
525,15.0,15.0,0.0,1.0,38.1,0.14857276555919513,0.14857276555919513,0.0,0.05105185582205548,1.0,0.875,0.6502878401571168,1.0
526,3.0,6.0,1.0,0.0,0.0,0.0,0.0,0.0,0.0,0.5,-0.25,-0.27941549819892586,1.0
527,8.0,14.0,1.0,0.0,0.0,0.0,0.0,0.0,0.0,0.5,0.75,0.9906073556948704,1.0
528,14.0,7.0,0.0,1.0,18.9,0.0687880205896116,0.0343940102948058,0.0,0.025324936352673185,0.9999999938079522,-0.125,0.6569865987187891,1.0
529,1.0,5.0,0.0,0.0,0.0,0.0,0.0,0.0,0.0,0.5,-0.375,-0.9589242746631385,1.0
530,3.0,16.0,0.0,1.0,43.5,0.033926064576509124,0.18093901107471533,0.0,0.058287551922819245,1.0,1.0,-0.2879033166650653,0.0
531,8.0,3.0,0.0,1.0,49.8,0.10357198564966463,0.03883949461862424,0.0,0.0667291973737103,1.0,-0.625,0.1411200080598672,0.0
532,13.0,8.0,1.0,1.0,6.5,0.021967451775594032,0.01351843186190402,0.0951683748169839,0.008709634195363795,0.998498817743263,0.0,0.9893582466233818,1.0
533,9.0,13.0,0.0,1.0,0.5,0.001169864295741694,0.0016898039827380024,0.0,0.0006699718611818304,0.6224593312018546,0.625,0.4201670368266409,0.0
534,3.0,15.0,0.0,0.0,1.0,0.0007799095304944627,0.0038995476524723133,0.0,0.0,0.7310585786300049,0.875,0.6502878401571168,1.0
535,12.0,16.0,0.0,0.0,0.0,0.0,0.0,0.0,0.0,0.5,1.0,-0.2879033166650653,1.0
536,5.0,9.0,1.0,1.0,37.1,0.048224405968907605,0.0868039307440337,0.5431918008784773,0.049711912099691814,1.0,0.125,0.4121184852417566,0.0
537,3.0,5.0,1.0,0.0,0.0,0.0,0.0,0.0,0.0,0.5,-0.375,-0.9589242746631385,1.0
538,6.0,7.0,0.0,0.0,11.3,0.017625955389174858,0.020563614620704,0.0,0.0,0.9999876272288255,-0.125,0.6569865987187891,1.0
539,11.0,9.0,0.0,0.0,1.8,0.005147402901263454,0.004211511464670098,0.0,0.0,0.8581489350995123,0.125,0.4121184852417566,1.0
540,2.0,1.0,0.0,1.0,25.8,0.013414443924504759,0.0067072219622523795,0.0,0.03457054803698245,0.9999999999937597,-0.875,0.8414709848078965,0.0
541,7.0,5.0,0.0,0.0,0.7,0.0012738522331409556,0.0009098944522435398,0.0,0.0,0.6681877721681662,-0.375,-0.9589242746631385,1.0
542,12.0,16.0,1.0,0.0,0.0,0.0,0.0,0.0,0.0,0.5,1.0,-0.2879033166650653,1.0
543,3.0,9.0,0.0,0.0,9.3,0.0072531586335985035,0.021759475900795508,0.0,0.0,0.9999085841261478,0.125,0.4121184852417566,1.0
544,4.0,2.0,0.0,0.0,3.1,0.0032236260593771124,0.0016118130296885562,0.0,0.0,0.9568927450589139,-0.75,0.9092974268256817,1.0
545,3.0,10.0,1.0,1.0,18.3,0.014272344408048669,0.04757448136016222,0.26793557833089315,0.024520970119254994,0.9999999887173535,0.25,-0.5440211108893698,1.0
546,10.0,4.0,0.0,0.0,3.9,0.010138823896428015,0.004055529558571205,0.0,0.0,0.9801596942659225,-0.5,-0.7568024953079282,1.0
547,3.0,14.0,0.0,0.0,1.0,0.0007799095304944627,0.003639577808974159,0.0,0.0,0.7310585786300049,0.75,0.9906073556948704,1.0
548,12.0,6.0,1.0,0.0,0.0,0.0,0.0,0.0,0.0,0.5,-0.25,-0.27941549819892586,1.0
549,1.0,3.0,1.0,0.0,0.3,7.799095304944626e-05,0.00023397285914833878,0.004392386530014641,0.0,0.574442516811659,-0.625,0.1411200080598672,1.0
550,0.0,2.0,1.0,1.0,4.8,0.0,0.0024957104975822804,0.07027818448023426,0.006431729867345572,0.9918374288468401,-0.75,0.9092974268256817,1.0
551,5.0,12.0,1.0,1.0,0.8,0.0010398793739926169,0.002495710497582281,0.01171303074670571,0.0010719549778909286,0.6899744811276125,0.5,-0.5365729180004349,1.0
552,11.0,10.0,1.0,1.0,8.5,0.024307180367077418,0.02209743669734311,0.12445095168374817,0.011389521640091117,0.9997965730219448,0.25,-0.5440211108893698,1.0
553,14.0,9.0,1.0,1.0,2.4,0.008734986741537982,0.005615348619560131,0.03513909224011713,0.003215864933672786,0.9168273035060777,0.125,0.4121184852417566,1.0
554,11.0,9.0,1.0,0.0,0.6,0.0017158009670878178,0.0014038371548900327,0.008784773060029283,0.0,0.6456563062257954,0.125,0.4121184852417566,1.0
555,7.0,13.0,0.0,1.0,4.0,0.007279155617948318,0.01351843186190402,0.0,0.005359774889454643,0.9820137900379085,0.625,0.4201670368266409,1.0
556,9.0,9.0,0.0,1.0,427.4,1.0,1.0,0.0,0.5726919469382286,1.0,0.125,0.4121184852417566,0.0
557,10.0,0.0,0.0,1.0,149.3,0.38813497634274424,0.0,0.0,0.20005359774889456,1.0,-1.0,0.0,0.0
558,5.0,16.0,0.0,0.0,20.9,0.027166848645557115,0.08693391566578276,0.0,0.0,0.9999999991619974,1.0,-0.2879033166650653,0.0
559,4.0,3.0,0.0,1.0,28.2,0.029324598346591794,0.021993448759943846,0.0,0.037786412970655235,0.9999999999994338,-0.625,0.1411200080598672,0.0
560,12.0,10.0,1.0,0.0,0.0,0.0,0.0,0.0,0.0,0.5,0.25,-0.5440211108893698,1.0
561,16.0,16.0,0.0,1.0,44.1,0.18343472157229762,0.18343472157229762,0.0,0.05909151815623744,1.0,1.0,-0.2879033166650653,0.0
562,6.0,5.0,1.0,1.0,0.0,0.0,0.0,0.0,0.0,0.5,-0.375,-0.9589242746631385,1.0
563,6.0,14.0,1.0,1.0,1.0,0.0015598190609889253,0.003639577808974159,0.014641288433382138,0.0013399437223636608,0.7310585786300049,0.75,0.9906073556948704,1.0
564,9.0,7.0,1.0,1.0,22.3,0.052175947590079555,0.04058129257006187,0.3265007320644217,0.029880745008709637,0.9999999997933511,-0.125,0.6569865987187891,1.0
565,0.0,2.0,1.0,0.0,0.0,0.0,0.0,0.0,0.0,0.5,-0.75,0.9092974268256817,1.0
566,6.0,11.0,0.0,1.0,24.4,0.038059585088129774,0.06977590599490459,0.0,0.03269462682567332,0.9999999999746945,0.375,-0.9999902065507035,0.0
567,5.0,6.0,1.0,0.0,9.5,0.012348567566162325,0.01481828107939479,0.1390922401171303,0.0,0.9999251537724895,-0.25,-0.27941549819892586,1.0
568,0.0,3.0,0.0,1.0,36.9,0.0,0.02877866167524567,0.0,0.04944392335521908,1.0,-0.625,0.1411200080598672,0.0
569,12.0,16.0,0.0,1.0,3.9,0.012166588675713616,0.01622211823428482,0.0,0.005225780517218277,0.9801596942659225,1.0,-0.2879033166650653,1.0
570,10.0,9.0,1.0,1.0,23.0,0.05979306400457547,0.053813757604117926,0.3367496339677892,0.030818705614364197,0.9999999998973812,0.125,0.4121184852417566,0.0
571,7.0,7.0,1.0,1.0,15.0,0.027296833567306195,0.027296833567306195,0.21961932650073207,0.02009915583545491,0.999999694097773,-0.125,0.6569865987187891,1.0
572,2.0,3.0,1.0,1.0,3.4,0.0017677949357874487,0.002651692403681173,0.04978038067349927,0.004555808656036446,0.9677045353015494,-0.625,0.1411200080598672,1.0
573,13.0,14.0,1.0,0.0,0.0,0.0,0.0,0.0,0.0,0.5,0.75,0.9906073556948704,1.0
574,8.0,16.0,1.0,1.0,3.2,0.006655227993552748,0.013310455987105497,0.04685212298682284,0.004287819911563714,0.9608342772032357,1.0,-0.2879033166650653,1.0
575,1.0,0.0,0.0,0.0,5.2,0.001351843186190402,0.0,0.0,0.0,0.9945137011005495,-1.0,0.0,1.0
576,10.0,6.0,1.0,0.0,0.9,0.002339728591483388,0.0014038371548900329,0.013177159590043924,0.0,0.7109495026250039,-0.25,-0.27941549819892586,1.0
577,9.0,6.0,0.0,0.0,11.4,0.026672905942910625,0.01778193729527375,0.0,0.0,0.999988804640495,-0.25,-0.27941549819892586,1.0
578,5.0,2.0,1.0,0.0,2.2,0.0028596682784796964,0.0011438673113918787,0.032210834553440704,0.0,0.9002495108803148,-0.75,0.9092974268256817,1.0
579,8.0,14.0,1.0,1.0,6.8,0.01414235948629959,0.024749129101024284,0.09956076134699854,0.009111617312072893,0.9988874639671398,0.75,0.9906073556948704,1.0
580,11.0,10.0,0.0,1.0,48.4,0.1384079446784173,0.12582540425310665,0.0,0.06485327616240118,1.0,0.25,-0.5440211108893698,0.0
581,5.0,0.0,0.0,1.0,157.1,0.20420631206780013,0.0,0.0,0.2105051587833311,1.0,-1.0,0.0,0.0
582,16.0,12.0,0.0,1.0,3.3,0.013726407736702542,0.010294805802526905,0.0,0.00442181428380008,0.9644288107273639,0.5,-0.5365729180004349,1.0
583,15.0,15.0,0.0,0.0,0.6,0.002339728591483388,0.002339728591483388,0.0,0.0,0.6456563062257954,0.875,0.6502878401571168,1.0
584,12.0,9.0,1.0,0.0,0.4,0.0012478552487911404,0.0009358914365933552,0.005856515373352855,0.0,0.598687660112452,0.125,0.4121184852417566,1.0
585,13.0,13.0,1.0,1.0,3.0,0.010138823896428015,0.010138823896428015,0.043923865300146414,0.004019831167090982,0.9525741268224334,0.625,0.4201670368266409,1.0
586,9.0,11.0,0.0,1.0,127.9,0.2992512868507254,0.3657515728175532,0.0,0.17137880209031223,1.0,0.375,-0.9999902065507035,0.0
587,2.0,16.0,1.0,1.0,4.8,0.0024957104975822804,0.019965683980658244,0.07027818448023426,0.006431729867345572,0.9918374288468401,1.0,-0.2879033166650653,1.0
588,15.0,7.0,1.0,1.0,6.8,0.02651692403681173,0.012374564550512142,0.09956076134699854,0.009111617312072893,0.9988874639671398,-0.125,0.6569865987187891,1.0
589,7.0,8.0,0.0,1.0,11.1,0.020199656839806585,0.023085322102636092,0.0,0.014873375318236634,0.999984887904559,0.0,0.9893582466233818,0.0
590,8.0,15.0,1.0,0.0,0.0,0.0,0.0,0.0,0.0,0.5,0.875,0.6502878401571168,1.0
591,16.0,8.0,1.0,1.0,13.3,0.055321582696407225,0.027660791348203612,0.19472913616398244,0.01782125150743669,0.9999983255095944,0.0,0.9893582466233818,0.0
592,12.0,14.0,1.0,0.0,0.0,0.0,0.0,0.0,0.0,0.5,0.75,0.9906073556948704,1.0
593,15.0,6.0,1.0,1.0,1.6,0.006239276243955701,0.002495710497582281,0.02342606149341142,0.002143909955781857,0.8320183851339245,-0.25,-0.27941549819892586,1.0
594,6.0,0.0,0.0,1.0,27.9,0.04351895180159101,0.0,0.0,0.03738442985394613,0.999999999999236,-1.0,0.0,0.0
595,10.0,16.0,1.0,1.0,11.1,0.028856652628295117,0.046170644205272185,0.16251830161054173,0.014873375318236634,0.999984887904559,1.0,-0.2879033166650653,1.0
596,15.0,5.0,1.0,0.0,0.0,0.0,0.0,0.0,0.0,0.5,-0.375,-0.9589242746631385,1.0
597,6.0,3.0,1.0,0.0,0.0,0.0,0.0,0.0,0.0,0.5,-0.625,0.1411200080598672,1.0
598,16.0,14.0,0.0,0.0,0.4,0.001663806998388187,0.0014558311235896638,0.0,0.0,0.598687660112452,0.75,0.9906073556948704,1.0
599,13.0,2.0,1.0,1.0,1.2,0.004055529558571205,0.0006239276243955701,0.017569546120058566,0.001607932466836393,0.7685247834990175,-0.75,0.9092974268256817,1.0
600,5.0,13.0,1.0,0.0,0.0,0.0,0.0,0.0,0.0,0.5,0.625,0.4201670368266409,1.0
601,12.0,5.0,0.0,1.0,1.4,0.00436749337076899,0.0018197889044870796,0.0,0.001875921211309125,0.8021838885585817,-0.375,-0.9589242746631385,1.0
602,9.0,12.0,1.0,1.0,1.6,0.003743565746373421,0.004991420995164562,0.02342606149341142,0.002143909955781857,0.8320183851339245,0.5,-0.5365729180004349,1.0
603,2.0,5.0,0.0,0.0,0.0,0.0,0.0,0.0,0.0,0.5,-0.375,-0.9589242746631385,1.0
604,5.0,2.0,1.0,1.0,6.2,0.008059065148442781,0.0032236260593771124,0.09077598828696926,0.008307651078654697,0.9979746796109501,-0.75,0.9092974268256817,0.0
605,1.0,15.0,0.0,0.0,0.0,0.0,0.0,0.0,0.0,0.5,0.875,0.6502878401571168,1.0
606,8.0,11.0,1.0,0.0,0.6,0.0012478552487911402,0.0017158009670878178,0.008784773060029283,0.0,0.6456563062257954,0.375,-0.9999902065507035,1.0
607,7.0,6.0,1.0,0.0,1.9,0.0034575989185254507,0.0029636562158789578,0.027818448023426062,0.0,0.8698915256370021,-0.25,-0.27941549819892586,1.0
608,5.0,14.0,0.0,0.0,0.0,0.0,0.0,0.0,0.0,0.5,0.75,0.9906073556948704,1.0
609,1.0,11.0,0.0,0.0,4.1,0.0010658763583424322,0.011724639941766753,0.0,0.0,0.9836975006285591,0.375,-0.9999902065507035,1.0
610,1.0,1.0,1.0,0.0,0.5,0.0001299849217490771,0.0001299849217490771,0.007320644216691069,0.0,0.6224593312018546,-0.875,0.8414709848078965,1.0
611,16.0,7.0,0.0,0.0,10.4,0.043258981958092864,0.018925804606665625,0.0,0.0,0.9999695684430994,-0.125,0.6569865987187891,1.0
612,10.0,12.0,0.0,0.0,0.0,0.0,0.0,0.0,0.0,0.5,0.5,-0.5365729180004349,1.0
613,8.0,10.0,1.0,1.0,7.6,0.015806166484687776,0.019757708105859723,0.11127379209370425,0.010183572289963822,0.9994997988929205,0.25,-0.5440211108893698,1.0
614,3.0,13.0,1.0,1.0,0.8,0.0006239276243955702,0.002703686372380804,0.01171303074670571,0.0010719549778909286,0.6899744811276125,0.625,0.4201670368266409,1.0
615,12.0,7.0,0.0,1.0,5.9,0.01840586491966932,0.010736754536473771,0.0,0.0079056679619456,0.997268039236989,-0.125,0.6569865987187891,1.0
616,7.0,11.0,1.0,1.0,2.6,0.004731451151666406,0.0074351375240472115,0.03806734992679356,0.003483853678145518,0.9308615796566533,0.375,-0.9999902065507035,1.0
617,7.0,13.0,1.0,0.0,0.0,0.0,0.0,0.0,0.0,0.5,0.625,0.4201670368266409,1.0
618,13.0,2.0,1.0,0.0,0.0,0.0,0.0,0.0,0.0,0.5,-0.75,0.9092974268256817,1.0
619,5.0,10.0,0.0,0.0,28.1,0.036525763011490665,0.07305152602298133,0.0,0.0,0.9999999999993743,0.25,-0.5440211108893698,0.0
620,15.0,8.0,1.0,0.0,0.7,0.002729683356730619,0.0014558311235896636,0.010248901903367497,0.0,0.6681877721681662,0.0,0.9893582466233818,1.0
621,3.0,7.0,1.0,0.0,0.4,0.0003119638121977851,0.0007279155617948319,0.005856515373352855,0.0,0.598687660112452,-0.125,0.6569865987187891,1.0
622,8.0,6.0,0.0,1.0,13.0,0.02703686372380804,0.02027764779285603,0.0,0.01741926839072759,0.999997739675702,-0.25,-0.27941549819892586,1.0
623,5.0,13.0,1.0,1.0,0.8,0.0010398793739926169,0.002703686372380804,0.01171303074670571,0.0010719549778909286,0.6899744811276125,0.625,0.4201670368266409,1.0
624,1.0,1.0,1.0,1.0,8.1,0.002105755732335049,0.002105755732335049,0.11859443631039532,0.010853544151145651,0.9996965529699712,-0.875,0.8414709848078965,1.0
625,8.0,2.0,1.0,0.0,0.5,0.0010398793739926169,0.0002599698434981542,0.007320644216691069,0.0,0.6224593312018546,-0.75,0.9092974268256817,1.0
626,0.0,15.0,1.0,0.0,0.0,0.0,0.0,0.0,0.0,0.5,0.875,0.6502878401571168,1.0
627,2.0,15.0,1.0,0.0,0.4,0.0002079758747985234,0.0015598190609889253,0.005856515373352855,0.0,0.598687660112452,0.875,0.6502878401571168,1.0
628,8.0,11.0,0.0,0.0,2.2,0.004575469245567515,0.006291270212655333,0.0,0.0,0.9002495108803148,0.375,-0.9999902065507035,1.0
629,14.0,11.0,1.0,0.0,0.0,0.0,0.0,0.0,0.0,0.5,0.375,-0.9999902065507035,1.0
630,2.0,10.0,0.0,0.0,2.0,0.0010398793739926169,0.0051993968699630844,0.0,0.0,0.8807970779778823,0.25,-0.5440211108893698,1.0
631,1.0,12.0,0.0,1.0,5.8,0.0015078250922892944,0.01809390110747153,0.0,0.007771673589709233,0.9969815836752917,0.5,-0.5365729180004349,1.0
632,8.0,4.0,1.0,1.0,1.6,0.003327613996776374,0.001663806998388187,0.02342606149341142,0.002143909955781857,0.8320183851339245,-0.5,-0.7568024953079282,1.0
633,2.0,6.0,1.0,0.0,0.5,0.0002599698434981542,0.0007799095304944627,0.007320644216691069,0.0,0.6224593312018546,-0.25,-0.27941549819892586,1.0
634,6.0,6.0,1.0,0.0,1.0,0.0015598190609889253,0.0015598190609889253,0.014641288433382138,0.0,0.7310585786300049,-0.25,-0.27941549819892586,1.0
635,11.0,13.0,0.0,0.0,0.0,0.0,0.0,0.0,0.0,0.5,0.625,0.4201670368266409,1.0
636,0.0,15.0,0.0,1.0,27.3,0.0,0.10645765091249415,0.0,0.03658046362052794,0.9999999999986076,0.875,0.6502878401571168,1.0
637,0.0,1.0,1.0,0.0,0.0,0.0,0.0,0.0,0.0,0.5,-0.875,0.8414709848078965,1.0
638,4.0,16.0,0.0,0.0,11.2,0.011646648988717308,0.046586595954869234,0.0,0.0,0.9999863259909154,1.0,-0.2879033166650653,1.0
639,4.0,11.0,1.0,0.0,1.9,0.001975770810585972,0.005433369729111423,0.027818448023426062,0.0,0.8698915256370021,0.375,-0.9999902065507035,1.0
640,8.0,12.0,0.0,1.0,12.8,0.026620911974210994,0.039931367961316494,0.0,0.017151279646254857,0.9999972392350497,0.5,-0.5365729180004349,0.0
641,13.0,3.0,0.0,0.0,0.6,0.0020277647792856027,0.00046794571829667756,0.0,0.0,0.6456563062257954,-0.625,0.1411200080598672,1.0
642,15.0,8.0,0.0,1.0,16.4,0.06395258150054593,0.03410804346695783,0.0,0.021975077046764036,0.9999999245654222,0.0,0.9893582466233818,0.0
643,14.0,0.0,0.0,0.0,0.5,0.0018197889044870796,0.0,0.0,0.0,0.6224593312018546,-1.0,0.0,1.0
644,5.0,10.0,1.0,0.0,11.9,0.015468205688140176,0.03093641137628035,0.17423133235724744,0.0,0.999993209641302,0.25,-0.5440211108893698,1.0
645,11.0,2.0,0.0,1.0,26.8,0.07663910986325587,0.013934383611501067,0.0,0.03591049175934611,0.9999999999977043,-0.75,0.9092974268256817,0.0
646,3.0,13.0,0.0,0.0,0.6,0.00046794571829667756,0.0020277647792856027,0.0,0.0,0.6456563062257954,0.625,0.4201670368266409,1.0
647,10.0,1.0,0.0,1.0,41.1,0.10684760567774139,0.010684760567774138,0.0,0.05507168698914646,1.0,-0.875,0.8414709848078965,0.0
648,12.0,12.0,0.0,1.0,22.9,0.07143971299329277,0.07143971299329277,0.0,0.030684711242127828,0.9999999998865887,0.5,-0.5365729180004349,0.0
649,11.0,15.0,0.0,0.0,1.0,0.0028596682784796964,0.0038995476524723133,0.0,0.0,0.7310585786300049,0.875,0.6502878401571168,1.0
650,13.0,9.0,1.0,1.0,18.1,0.06117090417511569,0.04234908750584932,0.2650073206442167,0.02425298137478226,0.9999999862193447,0.125,0.4121184852417566,1.0
651,16.0,11.0,1.0,1.0,30.5,0.12686528362709926,0.08721988249363075,0.44655929721815524,0.040868283532091654,0.9999999999999432,0.375,-0.9999902065507035,0.0
652,1.0,10.0,1.0,0.0,1.9,0.000493942702646493,0.004939427026464931,0.027818448023426062,0.0,0.8698915256370021,0.25,-0.5440211108893698,1.0
653,2.0,15.0,1.0,1.0,3.7,0.0019237768418863413,0.014428326314147559,0.05417276720351391,0.004957791772745545,0.9758729785823308,0.875,0.6502878401571168,1.0
654,12.0,0.0,1.0,0.0,0.0,0.0,0.0,0.0,0.0,0.5,-1.0,0.0,1.0
655,9.0,1.0,0.0,0.0,0.8,0.0018717828731867104,0.0002079758747985234,0.0,0.0,0.6899744811276125,-0.875,0.8414709848078965,1.0
656,14.0,4.0,1.0,0.0,0.0,0.0,0.0,0.0,0.0,0.5,-0.5,-0.7568024953079282,1.0
657,9.0,11.0,1.0,1.0,25.7,0.06013102480112307,0.07349347475692819,0.3762811127379209,0.03443655366474608,0.9999999999931035,0.375,-0.9999902065507035,0.0
658,14.0,16.0,1.0,0.0,0.0,0.0,0.0,0.0,0.0,0.5,1.0,-0.2879033166650653,1.0
659,6.0,11.0,1.0,0.0,0.0,0.0,0.0,0.0,0.0,0.5,0.375,-0.9999902065507035,1.0
660,1.0,0.0,1.0,1.0,10.4,0.002703686372380804,0.0,0.15226939970717424,0.013935414712582072,0.9999695684430994,-1.0,0.0,1.0
661,3.0,11.0,0.0,1.0,194.2,0.15145843082202462,0.555347579680757,0.0,0.2602170708830229,1.0,0.375,-0.9999902065507035,0.0
662,5.0,0.0,0.0,0.0,12.2,0.015858160453387407,0.0,0.0,0.0,0.9999949695696981,-1.0,0.0,1.0
663,6.0,15.0,0.0,0.0,0.8,0.0012478552487911404,0.0031196381219778507,0.0,0.0,0.6899744811276125,0.875,0.6502878401571168,1.0
664,15.0,14.0,1.0,1.0,2.5,0.009748869131180784,0.009098944522435398,0.036603221083455345,0.003349859305909152,0.9241418199787566,0.75,0.9906073556948704,1.0
665,5.0,15.0,1.0,1.0,8.7,0.011308688192169708,0.033926064576509124,0.1273792093704246,0.011657510384563847,0.9998334419352227,0.875,0.6502878401571168,1.0
666,9.0,5.0,0.0,0.0,0.0,0.0,0.0,0.0,0.0,0.5,-0.375,-0.9589242746631385,1.0
667,14.0,0.0,1.0,0.0,0.0,0.0,0.0,0.0,0.0,0.5,-1.0,0.0,1.0
668,1.0,9.0,0.0,0.0,10.5,0.002729683356730619,0.024567150210575574,0.0,0.0,0.9999724643088853,0.125,0.4121184852417566,1.0
669,15.0,3.0,0.0,1.0,16.7,0.06512244579628763,0.013024489159257526,0.0,0.022377060163473135,0.9999999441166891,-0.625,0.1411200080598672,0.0
670,2.0,15.0,0.0,1.0,46.4,0.02412520147662871,0.18093901107471533,0.0,0.06217338871767386,1.0,0.875,0.6502878401571168,0.0
671,15.0,9.0,1.0,1.0,8.4,0.03275620028076743,0.01965372016846046,0.12298682284040996,0.01125552726785475,0.9997751832297667,0.125,0.4121184852417566,1.0
672,6.0,0.0,0.0,0.0,7.8,0.012166588675713616,0.0,0.0,0.0,0.9995904328350139,-1.0,0.0,1.0
673,0.0,7.0,0.0,0.0,0.0,0.0,0.0,0.0,0.0,0.5,-0.125,0.6569865987187891,1.0
674,3.0,9.0,0.0,1.0,148.3,0.11566058337232882,0.34698175011698645,0.0,0.1987136540265309,1.0,0.125,0.4121184852417566,0.0
675,5.0,4.0,0.0,0.0,98.4,0.12790516300109186,0.10232413040087351,0.0,0.0,1.0,-0.5,-0.7568024953079282,1.0
676,15.0,4.0,1.0,1.0,0.0,0.0,0.0,0.0,0.0,0.5,-0.5,-0.7568024953079282,1.0
677,6.0,16.0,1.0,0.0,1.0,0.0015598190609889253,0.0041595174959704675,0.014641288433382138,0.0,0.7310585786300049,1.0,-0.2879033166650653,1.0
678,7.0,7.0,0.0,0.0,28.9,0.0525918993396766,0.0525918993396766,0.0,0.0,0.9999999999997189,-0.125,0.6569865987187891,0.0
679,5.0,6.0,0.0,1.0,89.1,0.11581656527842771,0.1389798783341132,0.0,0.11938898566260217,1.0,-0.25,-0.27941549819892586,0.0
680,8.0,7.0,0.0,1.0,52.8,0.10981126189362034,0.0960848541569178,0.0,0.07074902854080128,1.0,-0.125,0.6569865987187891,0.0
681,14.0,2.0,0.0,1.0,12.4,0.04513076483127957,0.006447252118754225,0.0,0.016615302157309393,0.999995881428255,-0.75,0.9092974268256817,0.0
682,11.0,12.0,1.0,1.0,0.0,0.0,0.0,0.0,0.0,0.5,0.5,-0.5365729180004349,1.0
683,2.0,3.0,1.0,0.0,0.0,0.0,0.0,0.0,0.0,0.5,-0.625,0.1411200080598672,1.0
684,16.0,15.0,0.0,1.0,28.2,0.11729839338636718,0.10996724379971924,0.0,0.037786412970655235,0.9999999999994338,0.875,0.6502878401571168,0.0
685,3.0,0.0,0.0,0.0,6.8,0.005303384807362346,0.0,0.0,0.0,0.9988874639671398,-1.0,0.0,1.0
686,14.0,10.0,1.0,0.0,0.0,0.0,0.0,0.0,0.0,0.5,0.25,-0.5440211108893698,1.0
687,10.0,1.0,1.0,1.0,4.1,0.010658763583424323,0.0010658763583424322,0.06002928257686676,0.005493769261691009,0.9836975006285591,-0.875,0.8414709848078965,1.0
688,7.0,16.0,1.0,0.0,7.0,0.012738522331409556,0.029116622471793273,0.10248901903367497,0.0,0.9990889488055994,1.0,-0.2879033166650653,1.0
689,1.0,9.0,1.0,0.0,2.1,0.0005459366713461239,0.004913430042115115,0.03074670571010249,0.0,0.8909031788043871,0.125,0.4121184852417566,1.0
690,16.0,4.0,0.0,1.0,8.6,0.03577185046534602,0.008942962616336505,0.0,0.011523516012327482,0.9998159280950366,-0.5,-0.7568024953079282,1.0
691,16.0,13.0,0.0,1.0,1.7,0.007071179743149795,0.0057453335413092076,0.0,0.002277904328018223,0.8455347349164652,0.625,0.4201670368266409,0.0
692,10.0,15.0,1.0,1.0,8.4,0.021837466853844953,0.03275620028076743,0.12298682284040996,0.01125552726785475,0.9997751832297667,0.875,0.6502878401571168,1.0
