,21,22,23,24,25,26,27,28,29,30,31,32,33,34,35,36,37,38,"2,37,18,37,3","2,37,18,38,3","2,38,18,37,3","2,38,18,38,3","2,37,14,3","2,38,14,3",39
0,86.0,43.0,70.0,126.0,56.0,6.0,148.0,46.0,19.0,145.0,166.0,317.0,171.0,86.0,6.0,9.0,179.0,182.0,0.0,-3.0,3.0,0.0,5.187385805840755,5.204006687076795,0.0
1,97.0,48.0,94.0,198.0,63.0,9.0,181.0,36.0,21.0,155.0,200.0,494.0,189.0,64.0,20.0,11.0,199.0,203.0,0.0,-4.0,4.0,0.0,5.293304824724492,5.313205979041787,1.0
2,93.0,40.0,73.0,139.0,58.0,6.0,136.0,49.0,18.0,138.0,166.0,275.0,137.0,73.0,0.0,0.0,187.0,188.0,0.0,-1.0,1.0,0.0,5.231108616854587,5.236441962829949,3.0
3,90.0,40.0,83.0,178.0,61.0,8.0,178.0,37.0,21.0,132.0,199.0,472.0,157.0,71.0,1.0,14.0,187.0,193.0,0.0,-6.0,6.0,0.0,5.231108616854587,5.262690188904886,1.0
4,96.0,46.0,88.0,174.0,68.0,10.0,155.0,43.0,19.0,148.0,173.0,354.0,182.0,69.0,14.0,15.0,194.0,202.0,0.0,-8.0,8.0,0.0,5.267858159063328,5.308267697401204,3.0
5,86.0,45.0,71.0,155.0,66.0,7.0,146.0,45.0,19.0,144.0,167.0,322.0,176.0,72.0,5.0,6.0,189.0,196.0,0.0,-7.0,7.0,0.0,5.241747015059643,5.278114659230517,0.0
6,89.0,44.0,70.0,158.0,64.0,6.0,141.0,47.0,18.0,143.0,164.0,299.0,173.0,66.0,9.0,11.0,193.0,199.0,0.0,-6.0,6.0,0.0,5.262690188904886,5.293304824724492,0.0
7,95.0,46.0,104.0,208.0,66.0,9.0,191.0,35.0,22.0,148.0,210.0,543.0,169.0,68.0,0.0,28.0,190.0,200.0,0.0,-10.0,10.0,0.0,5.247024072160486,5.298317366548036,2.0
8,104.0,50.0,106.0,209.0,66.0,10.0,207.0,32.0,23.0,158.0,223.0,635.0,220.0,73.0,14.0,9.0,188.0,196.0,0.0,-8.0,8.0,0.0,5.236441962829949,5.278114659230517,2.0
9,86.0,45.0,66.0,126.0,57.0,8.0,148.0,46.0,19.0,145.0,170.0,321.0,186.0,86.0,0.0,7.0,179.0,182.0,0.0,-3.0,3.0,0.0,5.187385805840755,5.204006687076795,0.0
10,85.0,43.0,66.0,123.0,55.0,7.0,150.0,45.0,19.0,146.0,172.0,326.0,173.0,83.0,4.0,15.0,180.0,183.0,0.0,-3.0,3.0,0.0,5.19295685089021,5.2094861528414205,0.0
11,99.0,46.0,105.0,209.0,64.0,11.0,197.0,34.0,23.0,152.0,212.0,575.0,159.0,65.0,0.0,33.0,194.0,205.0,0.0,-11.0,11.0,0.0,5.267858159063328,5.323009979138408,1.0
12,98.0,39.0,68.0,121.0,49.0,7.0,134.0,51.0,18.0,142.0,164.0,261.0,134.0,75.0,4.0,1.0,186.0,186.0,0.0,0.0,0.0,0.0,5.225746673713201,5.225746673713201,3.0
13,89.0,41.0,75.0,162.0,66.0,5.0,153.0,43.0,19.0,136.0,175.0,352.0,154.0,72.0,2.0,0.0,188.0,195.0,0.0,-7.0,7.0,0.0,5.236441962829949,5.272999558563747,0.0
14,92.0,45.0,74.0,187.0,74.0,7.0,157.0,41.0,19.0,143.0,179.0,375.0,183.0,70.0,8.0,6.0,195.0,201.0,0.0,-6.0,6.0,0.0,5.272999558563747,5.303304908059076,0.0
15,83.0,46.0,71.0,156.0,70.0,6.0,151.0,44.0,19.0,147.0,174.0,338.0,198.0,80.0,3.0,11.0,181.0,186.0,0.0,-5.0,5.0,0.0,5.198497031265825,5.225746673713201,0.0
16,109.0,54.0,103.0,205.0,63.0,11.0,222.0,30.0,25.0,175.0,229.0,720.0,213.0,71.0,6.0,14.0,187.0,200.0,0.0,-13.0,13.0,0.0,5.231108616854587,5.298317366548036,2.0
17,84.0,43.0,76.0,180.0,75.0,7.0,155.0,43.0,19.0,143.0,180.0,359.0,173.0,77.0,5.0,12.0,185.0,190.0,0.0,-5.0,5.0,0.0,5.220355825078324,5.247024072160486,0.0
18,79.0,39.0,72.0,127.0,53.0,9.0,142.0,48.0,19.0,135.0,165.0,295.0,144.0,77.0,7.0,21.0,181.0,189.0,0.0,-8.0,8.0,0.0,5.198497031265825,5.241747015059643,1.0
19,82.0,44.0,63.0,123.0,54.0,7.0,151.0,45.0,19.0,147.0,166.0,329.0,185.0,81.0,3.0,4.0,179.0,182.0,0.0,-3.0,3.0,0.0,5.187385805840755,5.204006687076795,0.0
20,108.0,51.0,100.0,206.0,63.0,10.0,196.0,34.0,23.0,159.0,214.0,576.0,201.0,65.0,7.0,16.0,194.0,205.0,0.0,-11.0,11.0,0.0,5.267858159063328,5.323009979138408,2.0
21,82.0,37.0,66.0,126.0,54.0,7.0,132.0,52.0,18.0,127.0,148.0,252.0,142.0,72.0,17.0,7.0,183.0,187.0,0.0,-4.0,4.0,0.0,5.2094861528414205,5.231108616854587,2.0
22,104.0,49.0,105.0,209.0,61.0,11.0,207.0,32.0,24.0,157.0,217.0,637.0,168.0,64.0,0.0,19.0,193.0,207.0,0.0,-14.0,14.0,0.0,5.262690188904886,5.332718793265369,2.0
23,106.0,53.0,98.0,154.0,47.0,4.0,237.0,28.0,26.0,164.0,263.0,838.0,222.0,82.0,4.0,17.0,185.0,184.0,0.0,1.0,-1.0,0.0,5.220355825078324,5.214935757608986,0.0
24,81.0,43.0,68.0,125.0,57.0,8.0,149.0,46.0,19.0,146.0,169.0,323.0,172.0,83.0,6.0,18.0,179.0,184.0,0.0,-5.0,5.0,0.0,5.187385805840755,5.214935757608986,0.0
25,97.0,45.0,72.0,187.0,71.0,5.0,161.0,40.0,20.0,144.0,178.0,399.0,186.0,70.0,7.0,7.0,196.0,203.0,0.0,-7.0,7.0,0.0,5.278114659230517,5.313205979041787,0.0
26,104.0,51.0,108.0,193.0,59.0,11.0,217.0,31.0,24.0,163.0,232.0,694.0,203.0,72.0,15.0,22.0,190.0,201.0,0.0,-11.0,11.0,0.0,5.247024072160486,5.303304908059076,2.0
27,95.0,57.0,104.0,228.0,74.0,10.0,212.0,31.0,24.0,175.0,224.0,670.0,223.0,74.0,0.0,4.0,186.0,193.0,0.0,-7.0,7.0,0.0,5.225746673713201,5.262690188904886,1.0
28,98.0,58.0,101.0,208.0,65.0,12.0,226.0,30.0,25.0,182.0,225.0,748.0,216.0,71.0,6.0,1.0,185.0,196.0,0.0,-11.0,11.0,0.0,5.220355825078324,5.278114659230517,1.0
29,80.0,37.0,57.0,116.0,55.0,6.0,125.0,54.0,18.0,125.0,142.0,229.0,132.0,81.0,8.0,5.0,178.0,184.0,0.0,-6.0,6.0,0.0,5.181783550292085,5.214935757608986,1.0
30,95.0,46.0,92.0,159.0,63.0,11.0,160.0,42.0,20.0,157.0,176.0,372.0,171.0,70.0,7.0,21.0,189.0,200.0,0.0,-11.0,11.0,0.0,5.241747015059643,5.298317366548036,3.0
31,91.0,52.0,98.0,196.0,62.0,9.0,193.0,34.0,22.0,161.0,216.0,562.0,244.0,69.0,3.0,1.0,190.0,199.0,0.0,-9.0,9.0,0.0,5.247024072160486,5.293304824724492,1.0
32,82.0,45.0,68.0,150.0,69.0,5.0,148.0,45.0,19.0,144.0,169.0,322.0,184.0,80.0,5.0,0.0,181.0,184.0,0.0,-3.0,3.0,0.0,5.198497031265825,5.214935757608986,0.0
33,86.0,41.0,66.0,133.0,56.0,6.0,136.0,49.0,18.0,136.0,155.0,274.0,162.0,74.0,5.0,14.0,183.0,189.0,0.0,-6.0,6.0,0.0,5.2094861528414205,5.241747015059643,2.0
34,84.0,44.0,80.0,140.0,58.0,11.0,156.0,44.0,20.0,157.0,166.0,349.0,176.0,74.0,5.0,17.0,183.0,193.0,0.0,-10.0,10.0,0.0,5.2094861528414205,5.262690188904886,3.0
35,85.0,35.0,64.0,129.0,57.0,6.0,116.0,57.0,17.0,125.0,138.0,200.0,123.0,65.0,1.0,23.0,196.0,203.0,0.0,-7.0,7.0,0.0,5.278114659230517,5.313205979041787,3.0
36,97.0,45.0,76.0,175.0,60.0,9.0,157.0,42.0,20.0,149.0,180.0,370.0,169.0,63.0,16.0,12.0,198.0,206.0,0.0,-8.0,8.0,0.0,5.288267030694535,5.327876168789581,2.0
37,94.0,45.0,85.0,163.0,68.0,10.0,157.0,44.0,20.0,156.0,170.0,357.0,176.0,73.0,17.0,11.0,187.0,195.0,0.0,-8.0,8.0,0.0,5.231108616854587,5.272999558563747,3.0
38,95.0,48.0,83.0,178.0,72.0,10.0,162.0,42.0,20.0,159.0,176.0,379.0,184.0,70.0,6.0,16.0,187.0,197.0,0.0,-10.0,10.0,0.0,5.231108616854587,5.2832037287379885,3.0
39,91.0,45.0,79.0,176.0,59.0,9.0,163.0,40.0,20.0,148.0,184.0,404.0,179.0,62.0,0.0,10.0,199.0,208.0,0.0,-9.0,9.0,0.0,5.293304824724492,5.337538079701318,2.0
40,106.0,49.0,106.0,211.0,64.0,9.0,208.0,32.0,24.0,158.0,224.0,645.0,184.0,68.0,1.0,24.0,190.0,202.0,0.0,-12.0,12.0,0.0,5.247024072160486,5.308267697401204,2.0
41,100.0,49.0,80.0,206.0,70.0,6.0,183.0,35.0,21.0,156.0,206.0,517.0,198.0,73.0,3.0,13.0,198.0,199.0,0.0,-1.0,1.0,0.0,5.288267030694535,5.293304824724492,0.0
42,110.0,56.0,109.0,199.0,57.0,5.0,251.0,27.0,27.0,169.0,272.0,928.0,268.0,82.0,11.0,10.0,183.0,183.0,0.0,0.0,0.0,0.0,5.2094861528414205,5.2094861528414205,0.0
43,92.0,39.0,91.0,191.0,62.0,8.0,176.0,37.0,21.0,137.0,196.0,466.0,151.0,67.0,3.0,23.0,192.0,200.0,0.0,-8.0,8.0,0.0,5.2574953720277815,5.298317366548036,1.0
44,96.0,44.0,68.0,190.0,70.0,7.0,155.0,41.0,19.0,145.0,179.0,372.0,166.0,67.0,5.0,7.0,202.0,206.0,0.0,-4.0,4.0,0.0,5.308267697401204,5.327876168789581,0.0
45,96.0,50.0,94.0,215.0,67.0,9.0,187.0,35.0,22.0,158.0,214.0,525.0,214.0,67.0,8.0,6.0,193.0,201.0,0.0,-8.0,8.0,0.0,5.262690188904886,5.303304908059076,2.0
46,94.0,44.0,70.0,186.0,72.0,8.0,153.0,42.0,19.0,144.0,171.0,361.0,178.0,67.0,7.0,2.0,199.0,206.0,0.0,-7.0,7.0,0.0,5.293304824724492,5.327876168789581,0.0
47,83.0,39.0,69.0,127.0,54.0,5.0,135.0,49.0,18.0,131.0,155.0,274.0,162.0,69.0,16.0,6.0,187.0,190.0,0.0,-3.0,3.0,0.0,5.231108616854587,5.247024072160486,1.0
48,89.0,47.0,81.0,147.0,64.0,11.0,156.0,44.0,20.0,163.0,170.0,352.0,188.0,76.0,6.0,13.0,184.0,193.0,0.0,-9.0,9.0,0.0,5.214935757608986,5.262690188904886,3.0
49,97.0,43.0,73.0,173.0,65.0,6.0,153.0,42.0,19.0,143.0,176.0,361.0,172.0,66.0,13.0,1.0,200.0,204.0,0.0,-4.0,4.0,0.0,5.298317366548036,5.318119993844216,0.0
50,109.0,47.0,96.0,206.0,64.0,9.0,198.0,33.0,23.0,150.0,219.0,586.0,191.0,70.0,4.0,13.0,190.0,198.0,0.0,-8.0,8.0,0.0,5.247024072160486,5.288267030694535,2.0
51,89.0,48.0,85.0,189.0,64.0,8.0,169.0,39.0,20.0,153.0,188.0,427.0,190.0,64.0,16.0,5.0,195.0,201.0,0.0,-6.0,6.0,0.0,5.272999558563747,5.303304908059076,2.0
52,86.0,47.0,75.0,165.0,68.0,6.0,154.0,43.0,19.0,146.0,176.0,356.0,190.0,74.0,7.0,3.0,188.0,194.0,0.0,-6.0,6.0,0.0,5.236441962829949,5.267858159063328,0.0
53,107.0,54.0,98.0,203.0,65.0,11.0,218.0,31.0,25.0,167.0,229.0,696.0,216.0,72.0,1.0,28.0,187.0,199.0,0.0,-12.0,12.0,0.0,5.231108616854587,5.293304824724492,2.0
54,97.0,46.0,101.0,210.0,66.0,8.0,192.0,35.0,22.0,151.0,208.0,546.0,169.0,66.0,1.0,32.0,191.0,200.0,0.0,-9.0,9.0,0.0,5.25227342804663,5.298317366548036,1.0
55,86.0,48.0,75.0,136.0,58.0,10.0,161.0,43.0,20.0,163.0,170.0,371.0,185.0,75.0,3.0,1.0,183.0,192.0,0.0,-9.0,9.0,0.0,5.2094861528414205,5.2574953720277815,3.0
56,85.0,45.0,70.0,130.0,58.0,8.0,151.0,45.0,19.0,146.0,171.0,334.0,187.0,79.0,2.0,5.0,181.0,186.0,0.0,-5.0,5.0,0.0,5.198497031265825,5.225746673713201,0.0
57,107.0,45.0,92.0,197.0,62.0,10.0,188.0,35.0,22.0,148.0,202.0,526.0,159.0,64.0,12.0,20.0,195.0,203.0,0.0,-8.0,8.0,0.0,5.272999558563747,5.313205979041787,1.0
58,108.0,54.0,103.0,212.0,65.0,11.0,208.0,32.0,24.0,162.0,228.0,648.0,240.0,71.0,9.0,0.0,189.0,197.0,0.0,-8.0,8.0,0.0,5.241747015059643,5.2832037287379885,2.0
59,97.0,48.0,105.0,212.0,64.0,11.0,201.0,33.0,23.0,155.0,212.0,602.0,162.0,64.0,2.0,7.0,193.0,202.0,0.0,-9.0,9.0,0.0,5.262690188904886,5.308267697401204,1.0
60,101.0,55.0,105.0,182.0,59.0,10.0,215.0,31.0,24.0,177.0,221.0,678.0,223.0,74.0,12.0,26.0,186.0,195.0,0.0,-9.0,9.0,0.0,5.225746673713201,5.272999558563747,1.0
61,89.0,35.0,70.0,138.0,58.0,7.0,126.0,53.0,17.0,128.0,147.0,237.0,112.0,64.0,4.0,19.0,199.0,207.0,0.0,-8.0,8.0,0.0,5.293304824724492,5.332718793265369,3.0
62,95.0,41.0,82.0,170.0,65.0,9.0,145.0,46.0,19.0,145.0,163.0,314.0,140.0,64.0,4.0,8.0,199.0,207.0,0.0,-8.0,8.0,0.0,5.293304824724492,5.332718793265369,3.0
63,113.0,48.0,98.0,208.0,62.0,9.0,203.0,33.0,23.0,151.0,216.0,613.0,183.0,64.0,17.0,29.0,193.0,204.0,0.0,-11.0,11.0,0.0,5.262690188904886,5.318119993844216,2.0
64,97.0,37.0,78.0,181.0,62.0,8.0,161.0,41.0,20.0,131.0,182.0,389.0,117.0,62.0,2.0,28.0,203.0,211.0,0.0,-8.0,8.0,0.0,5.313205979041787,5.351858133476067,1.0
65,112.0,50.0,104.0,197.0,58.0,11.0,208.0,32.0,24.0,159.0,223.0,639.0,186.0,67.0,15.0,22.0,191.0,202.0,0.0,-11.0,11.0,0.0,5.25227342804663,5.308267697401204,2.0
66,82.0,44.0,72.0,136.0,61.0,7.0,147.0,46.0,19.0,143.0,173.0,317.0,183.0,81.0,6.0,17.0,181.0,185.0,0.0,-4.0,4.0,0.0,5.198497031265825,5.220355825078324,0.0
67,98.0,51.0,96.0,203.0,66.0,10.0,188.0,35.0,22.0,157.0,207.0,533.0,231.0,68.0,10.0,1.0,191.0,199.0,0.0,-8.0,8.0,0.0,5.25227342804663,5.293304824724492,2.0
68,101.0,55.0,108.0,228.0,69.0,12.0,215.0,31.0,24.0,168.0,229.0,684.0,214.0,71.0,2.0,16.0,188.0,199.0,0.0,-11.0,11.0,0.0,5.236441962829949,5.293304824724492,2.0
69,96.0,37.0,74.0,187.0,68.0,8.0,159.0,42.0,20.0,134.0,183.0,378.0,134.0,69.0,3.0,16.0,190.0,197.0,0.0,-7.0,7.0,0.0,5.247024072160486,5.2832037287379885,2.0
70,87.0,43.0,65.0,127.0,56.0,8.0,149.0,46.0,19.0,143.0,169.0,322.0,171.0,85.0,6.0,3.0,180.0,182.0,0.0,-2.0,2.0,0.0,5.19295685089021,5.204006687076795,0.0
71,88.0,42.0,66.0,133.0,57.0,6.0,123.0,54.0,17.0,144.0,147.0,227.0,160.0,66.0,8.0,4.0,193.0,198.0,0.0,-5.0,5.0,0.0,5.262690188904886,5.288267030694535,3.0
72,106.0,52.0,101.0,213.0,64.0,11.0,201.0,33.0,23.0,158.0,214.0,607.0,204.0,65.0,2.0,4.0,192.0,204.0,0.0,-12.0,12.0,0.0,5.2574953720277815,5.318119993844216,2.0
73,86.0,40.0,66.0,139.0,59.0,7.0,122.0,54.0,17.0,139.0,145.0,225.0,143.0,63.0,7.0,11.0,202.0,208.0,0.0,-6.0,6.0,0.0,5.308267697401204,5.337538079701318,3.0
74,103.0,57.0,105.0,221.0,69.0,11.0,218.0,30.0,24.0,173.0,226.0,706.0,250.0,73.0,10.0,2.0,187.0,195.0,0.0,-8.0,8.0,0.0,5.231108616854587,5.272999558563747,1.0
75,84.0,44.0,77.0,150.0,59.0,5.0,152.0,44.0,19.0,143.0,175.0,344.0,177.0,77.0,8.0,2.0,183.0,187.0,0.0,-4.0,4.0,0.0,5.2094861528414205,5.231108616854587,2.0
76,101.0,56.0,101.0,231.0,72.0,10.0,217.0,31.0,24.0,171.0,232.0,698.0,216.0,72.0,2.0,6.0,187.0,197.0,0.0,-10.0,10.0,0.0,5.231108616854587,5.2832037287379885,2.0
77,87.0,37.0,52.0,116.0,54.0,6.0,115.0,58.0,17.0,126.0,135.0,196.0,144.0,74.0,11.0,22.0,186.0,190.0,0.0,-4.0,4.0,0.0,5.225746673713201,5.247024072160486,3.0
78,90.0,42.0,63.0,144.0,59.0,7.0,131.0,50.0,18.0,142.0,154.0,259.0,162.0,65.0,15.0,3.0,197.0,204.0,0.0,-7.0,7.0,0.0,5.2832037287379885,5.318119993844216,3.0
79,85.0,36.0,51.0,115.0,56.0,5.0,119.0,57.0,17.0,124.0,139.0,207.0,127.0,81.0,13.0,5.0,181.0,184.0,0.0,-3.0,3.0,0.0,5.198497031265825,5.214935757608986,3.0
80,86.0,38.0,86.0,175.0,60.0,9.0,170.0,39.0,21.0,134.0,191.0,433.0,138.0,68.0,1.0,28.0,191.0,199.0,0.0,-8.0,8.0,0.0,5.25227342804663,5.293304824724492,2.0
81,89.0,46.0,78.0,150.0,63.0,11.0,160.0,43.0,20.0,160.0,170.0,367.0,176.0,73.0,5.0,9.0,185.0,194.0,0.0,-9.0,9.0,0.0,5.220355825078324,5.267858159063328,3.0
82,107.0,57.0,106.0,179.0,51.0,8.0,257.0,26.0,28.0,172.0,275.0,954.0,232.0,83.0,2.0,20.0,181.0,184.0,0.0,-3.0,3.0,0.0,5.198497031265825,5.214935757608986,0.0
83,108.0,53.0,104.0,181.0,56.0,11.0,220.0,31.0,25.0,167.0,226.0,712.0,214.0,72.0,15.0,18.0,189.0,199.0,0.0,-10.0,10.0,0.0,5.241747015059643,5.293304824724492,2.0
84,85.0,35.0,47.0,110.0,55.0,3.0,117.0,57.0,17.0,122.0,136.0,203.0,139.0,89.0,5.0,9.0,180.0,184.0,0.0,-4.0,4.0,0.0,5.19295685089021,5.214935757608986,3.0
85,95.0,47.0,73.0,195.0,70.0,7.0,167.0,38.0,20.0,152.0,184.0,430.0,185.0,69.0,9.0,19.0,200.0,206.0,0.0,-6.0,6.0,0.0,5.298317366548036,5.327876168789581,0.0
86,86.0,44.0,78.0,164.0,68.0,9.0,142.0,46.0,18.0,147.0,168.0,305.0,171.0,70.0,1.0,11.0,190.0,201.0,0.0,-11.0,11.0,0.0,5.247024072160486,5.303304908059076,3.0
87,89.0,38.0,80.0,169.0,59.0,7.0,161.0,41.0,20.0,131.0,186.0,389.0,137.0,68.0,5.0,15.0,192.0,197.0,0.0,-5.0,5.0,0.0,5.2574953720277815,5.2832037287379885,2.0
88,90.0,38.0,79.0,185.0,69.0,6.0,160.0,40.0,20.0,130.0,178.0,393.0,133.0,66.0,2.0,14.0,198.0,205.0,0.0,-7.0,7.0,0.0,5.288267030694535,5.323009979138408,0.0
89,86.0,42.0,65.0,125.0,54.0,7.0,150.0,45.0,19.0,140.0,171.0,327.0,172.0,85.0,2.0,8.0,180.0,182.0,0.0,-2.0,2.0,0.0,5.19295685089021,5.204006687076795,0.0
90,93.0,41.0,75.0,124.0,51.0,7.0,140.0,49.0,18.0,141.0,164.0,284.0,149.0,77.0,5.0,15.0,184.0,185.0,0.0,-1.0,1.0,0.0,5.214935757608986,5.220355825078324,3.0
91,92.0,37.0,75.0,191.0,71.0,6.0,161.0,40.0,20.0,128.0,180.0,393.0,135.0,69.0,1.0,14.0,195.0,202.0,0.0,-7.0,7.0,0.0,5.272999558563747,5.308267697401204,0.0
92,81.0,42.0,63.0,125.0,55.0,8.0,149.0,46.0,19.0,145.0,166.0,320.0,172.0,86.0,7.0,7.0,179.0,182.0,0.0,-3.0,3.0,0.0,5.187385805840755,5.204006687076795,0.0
93,91.0,40.0,98.0,192.0,64.0,9.0,177.0,38.0,21.0,135.0,194.0,465.0,165.0,66.0,9.0,35.0,195.0,205.0,0.0,-10.0,10.0,0.0,5.272999558563747,5.323009979138408,2.0
94,85.0,45.0,70.0,120.0,54.0,7.0,149.0,45.0,19.0,145.0,169.0,326.0,186.0,81.0,8.0,4.0,181.0,184.0,0.0,-3.0,3.0,0.0,5.198497031265825,5.214935757608986,0.0
95,97.0,49.0,76.0,203.0,73.0,7.0,178.0,36.0,21.0,157.0,194.0,487.0,186.0,72.0,0.0,7.0,197.0,200.0,0.0,-3.0,3.0,0.0,5.2832037287379885,5.298317366548036,0.0
96,78.0,36.0,51.0,116.0,56.0,4.0,120.0,57.0,17.0,124.0,135.0,209.0,135.0,84.0,1.0,12.0,177.0,184.0,0.0,-7.0,7.0,0.0,5.176149732573829,5.214935757608986,1.0
97,87.0,38.0,85.0,177.0,61.0,8.0,164.0,40.0,20.0,129.0,186.0,402.0,130.0,63.0,1.0,25.0,198.0,205.0,0.0,-7.0,7.0,0.0,5.288267030694535,5.323009979138408,1.0
98,105.0,51.0,93.0,160.0,51.0,7.0,217.0,30.0,24.0,165.0,240.0,703.0,208.0,81.0,9.0,25.0,188.0,188.0,0.0,0.0,0.0,0.0,5.236441962829949,5.236441962829949,0.0
99,95.0,43.0,83.0,198.0,69.0,6.0,177.0,36.0,21.0,139.0,189.0,484.0,163.0,68.0,6.0,4.0,196.0,198.0,0.0,-2.0,2.0,0.0,5.278114659230517,5.288267030694535,0.0
100,89.0,38.0,74.0,138.0,59.0,7.0,136.0,49.0,18.0,133.0,167.0,278.0,128.0,72.0,7.0,7.0,189.0,193.0,0.0,-4.0,4.0,0.0,5.241747015059643,5.262690188904886,3.0
101,92.0,38.0,74.0,178.0,62.0,9.0,161.0,41.0,20.0,135.0,181.0,388.0,132.0,63.0,7.0,29.0,197.0,206.0,0.0,-9.0,9.0,0.0,5.2832037287379885,5.327876168789581,1.0
102,89.0,36.0,77.0,172.0,62.0,8.0,157.0,42.0,19.0,125.0,174.0,367.0,126.0,63.0,5.0,22.0,198.0,205.0,0.0,-7.0,7.0,0.0,5.288267030694535,5.323009979138408,1.0
103,104.0,57.0,103.0,216.0,69.0,11.0,219.0,30.0,25.0,176.0,228.0,708.0,219.0,73.0,4.0,3.0,186.0,196.0,0.0,-10.0,10.0,0.0,5.225746673713201,5.278114659230517,1.0
104,109.0,53.0,109.0,221.0,69.0,12.0,221.0,31.0,25.0,169.0,226.0,712.0,212.0,72.0,13.0,28.0,188.0,201.0,0.0,-13.0,13.0,0.0,5.236441962829949,5.303304908059076,2.0
105,90.0,44.0,72.0,157.0,64.0,8.0,137.0,48.0,18.0,144.0,159.0,283.0,171.0,65.0,9.0,4.0,196.0,203.0,0.0,-7.0,7.0,0.0,5.278114659230517,5.313205979041787,3.0
106,90.0,34.0,66.0,158.0,59.0,7.0,140.0,47.0,18.0,124.0,165.0,298.0,117.0,61.0,1.0,3.0,201.0,207.0,0.0,-6.0,6.0,0.0,5.303304908059076,5.332718793265369,2.0
107,106.0,54.0,101.0,222.0,67.0,12.0,222.0,30.0,25.0,173.0,228.0,721.0,200.0,70.0,3.0,4.0,187.0,201.0,0.0,-14.0,14.0,0.0,5.231108616854587,5.303304908059076,2.0
108,104.0,49.0,89.0,168.0,54.0,4.0,212.0,31.0,24.0,153.0,238.0,682.0,198.0,78.0,1.0,23.0,190.0,189.0,0.0,1.0,-1.0,0.0,5.247024072160486,5.241747015059643,0.0
109,87.0,39.0,74.0,152.0,58.0,6.0,151.0,44.0,19.0,136.0,174.0,337.0,140.0,70.0,1.0,33.0,187.0,196.0,0.0,-9.0,9.0,0.0,5.231108616854587,5.278114659230517,2.0
110,97.0,37.0,70.0,173.0,66.0,7.0,151.0,43.0,19.0,129.0,167.0,346.0,119.0,65.0,0.0,16.0,201.0,208.0,0.0,-7.0,7.0,0.0,5.303304908059076,5.337538079701318,0.0
111,109.0,53.0,103.0,210.0,63.0,11.0,219.0,30.0,25.0,172.0,229.0,707.0,212.0,71.0,6.0,3.0,188.0,199.0,0.0,-11.0,11.0,0.0,5.236441962829949,5.293304824724492,2.0
112,90.0,43.0,72.0,157.0,64.0,8.0,136.0,49.0,18.0,145.0,158.0,279.0,167.0,64.0,4.0,6.0,201.0,209.0,0.0,-8.0,8.0,0.0,5.303304908059076,5.342334251964811,3.0
113,93.0,43.0,78.0,166.0,59.0,7.0,151.0,44.0,19.0,141.0,182.0,342.0,174.0,68.0,15.0,2.0,193.0,197.0,0.0,-4.0,4.0,0.0,5.262690188904886,5.2832037287379885,1.0
114,81.0,43.0,68.0,139.0,62.0,7.0,149.0,46.0,19.0,145.0,172.0,323.0,171.0,83.0,1.0,14.0,180.0,184.0,0.0,-4.0,4.0,0.0,5.19295685089021,5.214935757608986,0.0
115,107.0,53.0,108.0,211.0,63.0,11.0,219.0,31.0,25.0,168.0,228.0,704.0,198.0,69.0,10.0,21.0,190.0,203.0,0.0,-13.0,13.0,0.0,5.247024072160486,5.313205979041787,2.0
116,86.0,38.0,89.0,176.0,59.0,9.0,169.0,39.0,20.0,132.0,190.0,428.0,148.0,67.0,7.0,33.0,193.0,202.0,0.0,-9.0,9.0,0.0,5.262690188904886,5.308267697401204,1.0
117,86.0,37.0,69.0,150.0,63.0,8.0,138.0,48.0,18.0,134.0,163.0,284.0,124.0,71.0,1.0,6.0,189.0,195.0,0.0,-6.0,6.0,0.0,5.241747015059643,5.272999558563747,3.0
118,77.0,38.0,63.0,135.0,59.0,5.0,130.0,52.0,18.0,130.0,145.0,247.0,139.0,79.0,13.0,21.0,183.0,187.0,0.0,-4.0,4.0,0.0,5.2094861528414205,5.231108616854587,1.0
119,107.0,53.0,108.0,213.0,64.0,12.0,206.0,32.0,23.0,163.0,216.0,627.0,202.0,65.0,21.0,22.0,194.0,205.0,0.0,-11.0,11.0,0.0,5.267858159063328,5.323009979138408,2.0
120,93.0,45.0,83.0,142.0,56.0,10.0,157.0,43.0,20.0,155.0,180.0,364.0,188.0,75.0,1.0,21.0,184.0,197.0,0.0,-13.0,13.0,0.0,5.214935757608986,5.2832037287379885,3.0
121,92.0,35.0,58.0,136.0,58.0,6.0,122.0,55.0,17.0,132.0,142.0,222.0,116.0,64.0,6.0,17.0,197.0,203.0,0.0,-6.0,6.0,0.0,5.2832037287379885,5.313205979041787,3.0
122,85.0,36.0,72.0,127.0,56.0,7.0,127.0,54.0,18.0,125.0,144.0,233.0,123.0,70.0,3.0,30.0,184.0,194.0,0.0,-10.0,10.0,0.0,5.214935757608986,5.267858159063328,1.0
123,85.0,33.0,50.0,104.0,53.0,4.0,115.0,59.0,17.0,118.0,136.0,193.0,127.0,83.0,1.0,30.0,179.0,185.0,0.0,-6.0,6.0,0.0,5.187385805840755,5.220355825078324,2.0
124,93.0,39.0,63.0,146.0,58.0,7.0,128.0,52.0,18.0,134.0,149.0,246.0,158.0,63.0,9.0,7.0,198.0,204.0,0.0,-6.0,6.0,0.0,5.288267030694535,5.318119993844216,2.0
125,87.0,42.0,60.0,116.0,51.0,6.0,150.0,46.0,19.0,141.0,169.0,324.0,171.0,85.0,2.0,14.0,178.0,182.0,0.0,-4.0,4.0,0.0,5.181783550292085,5.204006687076795,0.0
126,85.0,37.0,80.0,158.0,59.0,8.0,153.0,44.0,19.0,126.0,179.0,348.0,136.0,69.0,6.0,21.0,191.0,197.0,0.0,-6.0,6.0,0.0,5.25227342804663,5.2832037287379885,1.0
127,85.0,42.0,66.0,122.0,54.0,6.0,148.0,46.0,19.0,141.0,172.0,317.0,174.0,88.0,6.0,14.0,180.0,182.0,0.0,-2.0,2.0,0.0,5.19295685089021,5.204006687076795,0.0
128,108.0,57.0,106.0,177.0,51.0,5.0,256.0,26.0,28.0,170.0,285.0,966.0,261.0,87.0,11.0,2.0,182.0,181.0,0.0,1.0,-1.0,0.0,5.204006687076795,5.198497031265825,0.0
129,102.0,54.0,98.0,167.0,53.0,10.0,217.0,31.0,24.0,174.0,228.0,692.0,223.0,72.0,0.0,31.0,187.0,198.0,0.0,-11.0,11.0,0.0,5.231108616854587,5.288267030694535,1.0
130,97.0,44.0,95.0,202.0,66.0,9.0,188.0,35.0,22.0,144.0,216.0,526.0,175.0,72.0,15.0,11.0,190.0,197.0,0.0,-7.0,7.0,0.0,5.247024072160486,5.2832037287379885,2.0
131,93.0,35.0,78.0,162.0,60.0,8.0,150.0,45.0,19.0,125.0,172.0,331.0,137.0,67.0,2.0,33.0,191.0,198.0,0.0,-7.0,7.0,0.0,5.25227342804663,5.288267030694535,1.0
132,96.0,46.0,74.0,202.0,74.0,5.0,163.0,39.0,20.0,149.0,185.0,408.0,191.0,70.0,7.0,8.0,196.0,200.0,0.0,-4.0,4.0,0.0,5.278114659230517,5.298317366548036,0.0
133,109.0,49.0,103.0,186.0,57.0,11.0,206.0,32.0,23.0,156.0,212.0,630.0,186.0,65.0,12.0,21.0,192.0,201.0,0.0,-9.0,9.0,0.0,5.2574953720277815,5.303304908059076,1.0
134,95.0,44.0,84.0,158.0,62.0,10.0,145.0,46.0,19.0,148.0,163.0,312.0,166.0,64.0,10.0,6.0,199.0,206.0,0.0,-7.0,7.0,0.0,5.293304824724492,5.327876168789581,3.0
135,99.0,55.0,101.0,219.0,68.0,10.0,224.0,30.0,25.0,178.0,228.0,737.0,213.0,74.0,11.0,20.0,187.0,196.0,0.0,-9.0,9.0,0.0,5.231108616854587,5.278114659230517,1.0
136,90.0,48.0,78.0,134.0,56.0,11.0,160.0,43.0,20.0,167.0,169.0,366.0,185.0,76.0,1.0,14.0,182.0,192.0,0.0,-10.0,10.0,0.0,5.204006687076795,5.2574953720277815,3.0
137,84.0,38.0,83.0,141.0,54.0,7.0,149.0,45.0,19.0,132.0,177.0,327.0,149.0,74.0,6.0,29.0,185.0,191.0,0.0,-6.0,6.0,0.0,5.220355825078324,5.25227342804663,2.0
138,96.0,45.0,87.0,169.0,67.0,10.0,154.0,44.0,19.0,149.0,167.0,351.0,174.0,67.0,9.0,8.0,192.0,201.0,0.0,-9.0,9.0,0.0,5.2574953720277815,5.303304908059076,3.0
139,92.0,40.0,62.0,144.0,59.0,8.0,127.0,52.0,17.0,139.0,149.0,241.0,150.0,62.0,13.0,1.0,204.0,210.0,0.0,-6.0,6.0,0.0,5.318119993844216,5.3471075307174685,3.0
140,86.0,45.0,70.0,122.0,56.0,7.0,148.0,45.0,19.0,144.0,170.0,324.0,186.0,84.0,9.0,5.0,180.0,183.0,0.0,-3.0,3.0,0.0,5.19295685089021,5.2094861528414205,0.0
141,105.0,51.0,80.0,207.0,71.0,6.0,195.0,33.0,22.0,159.0,214.0,579.0,188.0,75.0,6.0,20.0,194.0,194.0,0.0,0.0,0.0,0.0,5.267858159063328,5.267858159063328,0.0
142,86.0,39.0,60.0,140.0,60.0,7.0,119.0,55.0,17.0,134.0,140.0,212.0,141.0,61.0,7.0,8.0,200.0,207.0,0.0,-7.0,7.0,0.0,5.298317366548036,5.332718793265369,3.0
143,107.0,52.0,103.0,186.0,57.0,11.0,214.0,31.0,24.0,162.0,217.0,676.0,189.0,66.0,6.0,5.0,189.0,198.0,0.0,-9.0,9.0,0.0,5.241747015059643,5.288267030694535,1.0
144,97.0,35.0,66.0,151.0,64.0,8.0,128.0,52.0,18.0,129.0,148.0,246.0,112.0,66.0,6.0,2.0,195.0,200.0,0.0,-5.0,5.0,0.0,5.272999558563747,5.298317366548036,3.0
145,89.0,36.0,68.0,149.0,60.0,8.0,133.0,50.0,18.0,134.0,153.0,265.0,119.0,62.0,6.0,18.0,201.0,209.0,0.0,-8.0,8.0,0.0,5.303304908059076,5.342334251964811,3.0
146,86.0,43.0,69.0,123.0,54.0,6.0,150.0,46.0,19.0,144.0,174.0,325.0,177.0,87.0,3.0,7.0,180.0,182.0,0.0,-2.0,2.0,0.0,5.19295685089021,5.204006687076795,0.0
147,87.0,40.0,81.0,162.0,68.0,10.0,146.0,46.0,19.0,139.0,167.0,317.0,157.0,70.0,0.0,13.0,189.0,199.0,0.0,-10.0,10.0,0.0,5.241747015059643,5.293304824724492,3.0
148,105.0,45.0,100.0,195.0,61.0,10.0,198.0,33.0,23.0,149.0,214.0,586.0,186.0,67.0,8.0,5.0,192.0,200.0,0.0,-8.0,8.0,0.0,5.2574953720277815,5.298317366548036,2.0
149,84.0,47.0,75.0,153.0,64.0,6.0,154.0,43.0,19.0,145.0,175.0,354.0,184.0,75.0,0.0,3.0,185.0,192.0,0.0,-7.0,7.0,0.0,5.220355825078324,5.2574953720277815,0.0
150,84.0,38.0,66.0,138.0,62.0,6.0,126.0,54.0,18.0,132.0,144.0,232.0,139.0,70.0,4.0,7.0,185.0,190.0,0.0,-5.0,5.0,0.0,5.220355825078324,5.247024072160486,1.0
151,102.0,51.0,92.0,194.0,60.0,6.0,220.0,30.0,25.0,162.0,247.0,731.0,209.0,80.0,7.0,7.0,188.0,186.0,0.0,2.0,-2.0,0.0,5.236441962829949,5.225746673713201,0.0
152,88.0,35.0,60.0,143.0,59.0,7.0,128.0,52.0,18.0,129.0,147.0,246.0,109.0,62.0,1.0,6.0,202.0,209.0,0.0,-7.0,7.0,0.0,5.308267697401204,5.342334251964811,3.0
153,91.0,41.0,64.0,148.0,61.0,8.0,129.0,51.0,18.0,142.0,161.0,249.0,153.0,68.0,6.0,12.0,194.0,201.0,0.0,-7.0,7.0,0.0,5.267858159063328,5.303304908059076,3.0
154,90.0,48.0,85.0,157.0,64.0,11.0,161.0,43.0,20.0,167.0,175.0,375.0,186.0,74.0,3.0,16.0,185.0,195.0,0.0,-10.0,10.0,0.0,5.220355825078324,5.272999558563747,3.0
155,99.0,51.0,88.0,188.0,62.0,5.0,203.0,32.0,23.0,158.0,222.0,625.0,219.0,77.0,8.0,26.0,191.0,190.0,0.0,1.0,-1.0,0.0,5.25227342804663,5.247024072160486,0.0
156,103.0,54.0,107.0,218.0,64.0,12.0,222.0,30.0,25.0,174.0,221.0,728.0,199.0,67.0,0.0,18.0,189.0,200.0,0.0,-11.0,11.0,0.0,5.241747015059643,5.298317366548036,1.0
157,88.0,45.0,82.0,155.0,56.0,8.0,154.0,43.0,19.0,149.0,180.0,357.0,170.0,69.0,3.0,0.0,188.0,193.0,0.0,-5.0,5.0,0.0,5.236441962829949,5.262690188904886,2.0
158,84.0,44.0,65.0,128.0,55.0,8.0,150.0,46.0,19.0,148.0,169.0,325.0,176.0,82.0,1.0,11.0,179.0,183.0,0.0,-4.0,4.0,0.0,5.187385805840755,5.2094861528414205,0.0
159,83.0,37.0,54.0,131.0,61.0,4.0,135.0,50.0,18.0,127.0,152.0,271.0,141.0,85.0,3.0,6.0,180.0,183.0,0.0,-3.0,3.0,0.0,5.19295685089021,5.2094861528414205,2.0
160,87.0,43.0,70.0,169.0,72.0,7.0,152.0,44.0,19.0,145.0,177.0,341.0,171.0,76.0,6.0,12.0,184.0,187.0,0.0,-3.0,3.0,0.0,5.214935757608986,5.231108616854587,0.0
161,86.0,36.0,70.0,143.0,61.0,9.0,133.0,50.0,18.0,130.0,153.0,266.0,127.0,66.0,2.0,10.0,194.0,202.0,0.0,-8.0,8.0,0.0,5.267858159063328,5.308267697401204,3.0
162,100.0,51.0,109.0,231.0,70.0,11.0,220.0,30.0,25.0,163.0,238.0,722.0,206.0,73.0,11.0,19.0,189.0,198.0,0.0,-9.0,9.0,0.0,5.241747015059643,5.288267030694535,1.0
163,89.0,47.0,80.0,131.0,54.0,11.0,160.0,43.0,20.0,163.0,175.0,369.0,174.0,77.0,1.0,7.0,182.0,193.0,0.0,-11.0,11.0,0.0,5.204006687076795,5.262690188904886,3.0
164,82.0,39.0,86.0,140.0,54.0,7.0,153.0,45.0,19.0,134.0,174.0,338.0,139.0,71.0,11.0,18.0,183.0,189.0,0.0,-6.0,6.0,0.0,5.2094861528414205,5.241747015059643,1.0
165,92.0,46.0,82.0,170.0,58.0,8.0,165.0,40.0,20.0,149.0,181.0,409.0,164.0,61.0,8.0,11.0,200.0,208.0,0.0,-8.0,8.0,0.0,5.298317366548036,5.337538079701318,1.0
166,95.0,42.0,96.0,197.0,65.0,9.0,178.0,37.0,21.0,141.0,199.0,474.0,149.0,67.0,1.0,29.0,193.0,200.0,0.0,-7.0,7.0,0.0,5.262690188904886,5.298317366548036,1.0
167,85.0,44.0,70.0,205.0,103.0,52.0,149.0,45.0,19.0,144.0,241.0,325.0,188.0,127.0,9.0,11.0,180.0,183.0,0.0,-3.0,3.0,0.0,5.19295685089021,5.2094861528414205,0.0
168,113.0,57.0,109.0,194.0,56.0,6.0,260.0,26.0,28.0,175.0,288.0,982.0,261.0,85.0,11.0,21.0,182.0,183.0,0.0,-1.0,1.0,0.0,5.204006687076795,5.2094861528414205,0.0
169,100.0,55.0,101.0,189.0,57.0,10.0,222.0,30.0,25.0,177.0,225.0,731.0,211.0,71.0,7.0,17.0,188.0,197.0,0.0,-9.0,9.0,0.0,5.236441962829949,5.2832037287379885,1.0
170,82.0,45.0,66.0,252.0,126.0,52.0,148.0,45.0,19.0,144.0,237.0,326.0,185.0,119.0,1.0,1.0,181.0,185.0,0.0,-4.0,4.0,0.0,5.198497031265825,5.220355825078324,0.0
171,100.0,41.0,75.0,205.0,71.0,5.0,176.0,36.0,21.0,138.0,204.0,479.0,151.0,72.0,7.0,19.0,197.0,197.0,0.0,0.0,0.0,0.0,5.2832037287379885,5.2832037287379885,0.0
172,89.0,47.0,81.0,156.0,57.0,8.0,161.0,41.0,20.0,149.0,187.0,388.0,197.0,72.0,9.0,15.0,187.0,193.0,0.0,-6.0,6.0,0.0,5.231108616854587,5.262690188904886,1.0
173,91.0,40.0,76.0,171.0,67.0,7.0,149.0,44.0,19.0,135.0,169.0,332.0,144.0,68.0,4.0,17.0,192.0,200.0,0.0,-8.0,8.0,0.0,5.2574953720277815,5.298317366548036,0.0
174,95.0,42.0,85.0,174.0,66.0,9.0,153.0,44.0,19.0,144.0,168.0,347.0,150.0,65.0,11.0,5.0,196.0,204.0,0.0,-8.0,8.0,0.0,5.278114659230517,5.318119993844216,3.0
175,80.0,36.0,69.0,127.0,56.0,7.0,128.0,53.0,18.0,124.0,147.0,240.0,133.0,70.0,2.0,21.0,183.0,191.0,0.0,-8.0,8.0,0.0,5.2094861528414205,5.25227342804663,1.0
176,99.0,53.0,105.0,219.0,66.0,11.0,204.0,32.0,23.0,165.0,221.0,623.0,224.0,68.0,0.0,6.0,191.0,201.0,0.0,-10.0,10.0,0.0,5.25227342804663,5.303304908059076,2.0
177,91.0,38.0,70.0,160.0,66.0,25.0,140.0,47.0,18.0,139.0,162.0,296.0,130.0,67.0,4.0,11.0,192.0,202.0,0.0,-10.0,10.0,0.0,5.2574953720277815,5.308267697401204,3.0
178,90.0,48.0,86.0,306.0,126.0,49.0,153.0,44.0,19.0,156.0,272.0,346.0,200.0,118.0,0.0,15.0,185.0,194.0,0.0,-9.0,9.0,0.0,5.220355825078324,5.267858159063328,3.0
179,89.0,44.0,80.0,191.0,66.0,6.0,162.0,40.0,20.0,143.0,189.0,396.0,180.0,66.0,13.0,11.0,194.0,199.0,0.0,-5.0,5.0,0.0,5.267858159063328,5.293304824724492,1.0
180,93.0,43.0,76.0,149.0,57.0,7.0,149.0,44.0,19.0,143.0,172.0,335.0,176.0,69.0,14.0,0.0,189.0,194.0,0.0,-5.0,5.0,0.0,5.241747015059643,5.267858159063328,2.0
181,104.0,55.0,109.0,230.0,67.0,12.0,218.0,30.0,24.0,174.0,230.0,706.0,226.0,67.0,8.0,22.0,191.0,202.0,0.0,-11.0,11.0,0.0,5.25227342804663,5.308267697401204,1.0
182,89.0,47.0,83.0,322.0,133.0,48.0,158.0,43.0,20.0,163.0,229.0,364.0,176.0,97.0,0.0,14.0,184.0,194.0,0.0,-10.0,10.0,0.0,5.214935757608986,5.267858159063328,3.0
183,105.0,55.0,96.0,181.0,56.0,9.0,219.0,30.0,25.0,175.0,231.0,713.0,216.0,74.0,4.0,5.0,187.0,194.0,0.0,-7.0,7.0,0.0,5.231108616854587,5.267858159063328,1.0
184,91.0,42.0,81.0,193.0,69.0,5.0,169.0,38.0,20.0,137.0,184.0,434.0,156.0,68.0,3.0,23.0,198.0,204.0,0.0,-6.0,6.0,0.0,5.288267030694535,5.318119993844216,0.0
185,94.0,45.0,81.0,166.0,67.0,9.0,145.0,46.0,19.0,147.0,164.0,313.0,179.0,66.0,11.0,14.0,194.0,202.0,0.0,-8.0,8.0,0.0,5.267858159063328,5.308267697401204,3.0
186,88.0,35.0,50.0,121.0,58.0,5.0,114.0,59.0,17.0,122.0,132.0,192.0,138.0,74.0,21.0,4.0,182.0,187.0,0.0,-5.0,5.0,0.0,5.204006687076795,5.231108616854587,1.0
187,89.0,40.0,77.0,159.0,65.0,9.0,144.0,46.0,19.0,141.0,168.0,314.0,143.0,70.0,0.0,5.0,190.0,200.0,0.0,-10.0,10.0,0.0,5.247024072160486,5.298317366548036,3.0
188,88.0,39.0,70.0,166.0,66.0,7.0,148.0,44.0,19.0,134.0,167.0,332.0,143.0,69.0,5.0,13.0,193.0,201.0,0.0,-8.0,8.0,0.0,5.262690188904886,5.303304908059076,0.0
189,85.0,43.0,66.0,130.0,57.0,6.0,151.0,45.0,19.0,143.0,173.0,333.0,168.0,86.0,4.0,9.0,180.0,183.0,0.0,-3.0,3.0,0.0,5.19295685089021,5.2094861528414205,0.0
190,87.0,44.0,98.0,211.0,70.0,10.0,189.0,35.0,22.0,141.0,214.0,535.0,178.0,71.0,2.0,21.0,187.0,194.0,0.0,-7.0,7.0,0.0,5.231108616854587,5.267858159063328,1.0
191,93.0,43.0,85.0,133.0,54.0,10.0,155.0,44.0,19.0,153.0,174.0,351.0,165.0,75.0,12.0,13.0,184.0,196.0,0.0,-12.0,12.0,0.0,5.214935757608986,5.278114659230517,3.0
192,91.0,49.0,86.0,195.0,63.0,8.0,177.0,37.0,21.0,156.0,203.0,473.0,201.0,67.0,7.0,5.0,192.0,198.0,0.0,-6.0,6.0,0.0,5.2574953720277815,5.288267030694535,1.0
193,105.0,54.0,106.0,215.0,68.0,10.0,208.0,32.0,24.0,166.0,217.0,640.0,218.0,69.0,14.0,23.0,189.0,199.0,0.0,-10.0,10.0,0.0,5.241747015059643,5.293304824724492,2.0
194,80.0,38.0,64.0,130.0,59.0,8.0,134.0,51.0,18.0,126.0,152.0,259.0,135.0,76.0,1.0,23.0,179.0,188.0,0.0,-9.0,9.0,0.0,5.187385805840755,5.236441962829949,1.0
195,89.0,44.0,68.0,113.0,50.0,7.0,150.0,45.0,19.0,147.0,171.0,328.0,189.0,88.0,6.0,5.0,179.0,182.0,0.0,-3.0,3.0,0.0,5.187385805840755,5.204006687076795,0.0
196,99.0,48.0,104.0,196.0,63.0,10.0,201.0,33.0,23.0,152.0,221.0,604.0,199.0,73.0,8.0,4.0,188.0,197.0,0.0,-9.0,9.0,0.0,5.236441962829949,5.2832037287379885,2.0
197,98.0,55.0,101.0,219.0,69.0,11.0,225.0,30.0,25.0,178.0,231.0,748.0,216.0,74.0,6.0,14.0,187.0,195.0,0.0,-8.0,8.0,0.0,5.231108616854587,5.272999558563747,1.0
198,96.0,41.0,69.0,153.0,56.0,7.0,141.0,47.0,18.0,141.0,162.0,297.0,169.0,61.0,11.0,8.0,202.0,209.0,0.0,-7.0,7.0,0.0,5.308267697401204,5.342334251964811,2.0
199,96.0,44.0,85.0,166.0,66.0,10.0,155.0,43.0,19.0,150.0,167.0,355.0,159.0,67.0,3.0,10.0,192.0,202.0,0.0,-10.0,10.0,0.0,5.2574953720277815,5.308267697401204,3.0
200,82.0,44.0,72.0,118.0,52.0,7.0,152.0,44.0,19.0,147.0,174.0,340.0,177.0,82.0,2.0,2.0,180.0,185.0,0.0,-5.0,5.0,0.0,5.19295685089021,5.220355825078324,0.0
201,107.0,56.0,105.0,202.0,61.0,11.0,221.0,30.0,25.0,179.0,234.0,725.0,212.0,72.0,15.0,1.0,189.0,196.0,0.0,-7.0,7.0,0.0,5.241747015059643,5.278114659230517,1.0
202,103.0,56.0,100.0,185.0,59.0,11.0,216.0,31.0,24.0,173.0,219.0,684.0,219.0,75.0,15.0,11.0,186.0,194.0,0.0,-8.0,8.0,0.0,5.225746673713201,5.267858159063328,1.0
203,104.0,52.0,101.0,206.0,62.0,10.0,198.0,33.0,23.0,161.0,207.0,587.0,204.0,64.0,2.0,5.0,195.0,204.0,0.0,-9.0,9.0,0.0,5.272999558563747,5.318119993844216,1.0
204,93.0,39.0,78.0,164.0,66.0,8.0,139.0,48.0,18.0,140.0,157.0,290.0,126.0,64.0,4.0,7.0,201.0,208.0,0.0,-7.0,7.0,0.0,5.303304908059076,5.337538079701318,3.0
205,79.0,43.0,72.0,141.0,62.0,8.0,153.0,44.0,19.0,144.0,175.0,344.0,174.0,78.0,0.0,8.0,182.0,188.0,0.0,-6.0,6.0,0.0,5.204006687076795,5.236441962829949,0.0
206,100.0,52.0,104.0,189.0,59.0,10.0,208.0,32.0,24.0,163.0,220.0,642.0,197.0,70.0,1.0,22.0,187.0,198.0,0.0,-11.0,11.0,0.0,5.231108616854587,5.288267030694535,2.0
207,94.0,48.0,83.0,162.0,64.0,10.0,156.0,43.0,19.0,153.0,177.0,357.0,187.0,74.0,4.0,14.0,185.0,196.0,0.0,-11.0,11.0,0.0,5.220355825078324,5.278114659230517,3.0
208,92.0,36.0,78.0,165.0,57.0,8.0,153.0,43.0,19.0,128.0,169.0,349.0,124.0,60.0,4.0,19.0,203.0,211.0,0.0,-8.0,8.0,0.0,5.313205979041787,5.351858133476067,2.0
209,93.0,37.0,76.0,183.0,63.0,8.0,164.0,40.0,20.0,134.0,191.0,405.0,139.0,67.0,4.0,7.0,192.0,197.0,0.0,-5.0,5.0,0.0,5.2574953720277815,5.2832037287379885,2.0
210,89.0,42.0,80.0,151.0,62.0,6.0,144.0,46.0,19.0,139.0,166.0,308.0,170.0,74.0,17.0,13.0,185.0,189.0,0.0,-4.0,4.0,0.0,5.220355825078324,5.241747015059643,2.0
211,98.0,51.0,84.0,207.0,72.0,7.0,184.0,35.0,21.0,161.0,199.0,520.0,198.0,72.0,9.0,11.0,196.0,199.0,0.0,-3.0,3.0,0.0,5.278114659230517,5.293304824724492,0.0
212,86.0,43.0,68.0,150.0,64.0,9.0,138.0,48.0,18.0,143.0,161.0,285.0,174.0,69.0,6.0,0.0,192.0,201.0,0.0,-9.0,9.0,0.0,5.2574953720277815,5.303304908059076,3.0
213,91.0,46.0,101.0,199.0,65.0,9.0,196.0,34.0,23.0,146.0,219.0,574.0,199.0,73.0,5.0,8.0,186.0,194.0,0.0,-8.0,8.0,0.0,5.225746673713201,5.267858159063328,1.0
214,81.0,45.0,68.0,169.0,73.0,6.0,151.0,44.0,19.0,146.0,173.0,336.0,186.0,75.0,7.0,0.0,183.0,189.0,0.0,-6.0,6.0,0.0,5.2094861528414205,5.241747015059643,0.0
215,80.0,43.0,68.0,120.0,54.0,8.0,150.0,45.0,19.0,145.0,171.0,329.0,176.0,85.0,4.0,8.0,179.0,183.0,0.0,-4.0,4.0,0.0,5.187385805840755,5.2094861528414205,0.0
216,85.0,43.0,64.0,128.0,56.0,8.0,150.0,46.0,19.0,144.0,168.0,324.0,173.0,82.0,9.0,14.0,180.0,184.0,0.0,-4.0,4.0,0.0,5.19295685089021,5.214935757608986,0.0
217,106.0,48.0,107.0,202.0,61.0,10.0,207.0,32.0,24.0,153.0,227.0,635.0,200.0,70.0,5.0,28.0,190.0,203.0,0.0,-13.0,13.0,0.0,5.247024072160486,5.313205979041787,2.0
218,86.0,37.0,77.0,144.0,54.0,7.0,154.0,43.0,19.0,127.0,179.0,352.0,145.0,71.0,14.0,13.0,186.0,191.0,0.0,-5.0,5.0,0.0,5.225746673713201,5.25227342804663,1.0
219,99.0,43.0,89.0,195.0,63.0,8.0,186.0,35.0,22.0,144.0,210.0,521.0,166.0,68.0,6.0,13.0,191.0,199.0,0.0,-8.0,8.0,0.0,5.25227342804663,5.293304824724492,2.0
220,98.0,50.0,90.0,192.0,63.0,9.0,177.0,37.0,21.0,155.0,195.0,472.0,197.0,65.0,10.0,1.0,193.0,201.0,0.0,-8.0,8.0,0.0,5.262690188904886,5.303304908059076,2.0
221,109.0,54.0,103.0,220.0,66.0,11.0,214.0,31.0,24.0,167.0,229.0,677.0,212.0,70.0,1.0,23.0,188.0,201.0,0.0,-13.0,13.0,0.0,5.236441962829949,5.303304908059076,2.0
222,82.0,41.0,70.0,155.0,64.0,7.0,148.0,45.0,19.0,138.0,172.0,328.0,152.0,72.0,5.0,17.0,187.0,195.0,0.0,-8.0,8.0,0.0,5.231108616854587,5.272999558563747,0.0
223,89.0,43.0,85.0,160.0,64.0,11.0,155.0,43.0,19.0,151.0,173.0,356.0,174.0,72.0,5.0,9.0,185.0,196.0,0.0,-11.0,11.0,0.0,5.220355825078324,5.278114659230517,3.0
224,89.0,45.0,77.0,188.0,64.0,9.0,161.0,41.0,20.0,151.0,190.0,390.0,174.0,66.0,4.0,2.0,194.0,201.0,0.0,-7.0,7.0,0.0,5.267858159063328,5.303304908059076,2.0
225,101.0,55.0,101.0,183.0,57.0,13.0,225.0,30.0,25.0,177.0,225.0,741.0,204.0,71.0,5.0,10.0,186.0,198.0,0.0,-12.0,12.0,0.0,5.225746673713201,5.288267030694535,1.0
226,106.0,52.0,107.0,211.0,62.0,8.0,200.0,33.0,23.0,161.0,218.0,602.0,200.0,67.0,9.0,17.0,194.0,201.0,0.0,-7.0,7.0,0.0,5.267858159063328,5.303304908059076,1.0
227,95.0,36.0,73.0,191.0,73.0,6.0,156.0,41.0,19.0,126.0,184.0,374.0,124.0,71.0,2.0,19.0,199.0,204.0,0.0,-5.0,5.0,0.0,5.293304824724492,5.318119993844216,0.0
228,97.0,44.0,96.0,195.0,63.0,9.0,185.0,36.0,22.0,144.0,202.0,512.0,165.0,66.0,4.0,8.0,191.0,199.0,0.0,-8.0,8.0,0.0,5.25227342804663,5.293304824724492,2.0
229,82.0,43.0,73.0,154.0,65.0,7.0,151.0,44.0,19.0,143.0,178.0,341.0,160.0,76.0,5.0,11.0,185.0,189.0,0.0,-4.0,4.0,0.0,5.220355825078324,5.241747015059643,0.0
230,106.0,54.0,103.0,161.0,47.0,4.0,247.0,27.0,27.0,166.0,266.0,892.0,242.0,85.0,4.0,11.0,181.0,183.0,0.0,-2.0,2.0,0.0,5.198497031265825,5.2094861528414205,0.0
231,93.0,42.0,88.0,188.0,62.0,10.0,183.0,36.0,21.0,141.0,208.0,504.0,168.0,70.0,3.0,12.0,189.0,197.0,0.0,-8.0,8.0,0.0,5.241747015059643,5.2832037287379885,1.0
232,99.0,57.0,100.0,177.0,54.0,13.0,224.0,30.0,25.0,188.0,223.0,726.0,213.0,72.0,4.0,7.0,185.0,198.0,0.0,-13.0,13.0,0.0,5.220355825078324,5.288267030694535,1.0
233,102.0,54.0,106.0,221.0,68.0,11.0,207.0,32.0,24.0,164.0,228.0,638.0,238.0,71.0,0.0,26.0,189.0,200.0,0.0,-11.0,11.0,0.0,5.241747015059643,5.298317366548036,2.0
234,86.0,34.0,62.0,140.0,61.0,7.0,122.0,54.0,17.0,127.0,141.0,223.0,112.0,64.0,2.0,14.0,200.0,208.0,0.0,-8.0,8.0,0.0,5.298317366548036,5.337538079701318,3.0
235,102.0,51.0,104.0,217.0,67.0,10.0,204.0,32.0,23.0,162.0,220.0,621.0,195.0,68.0,3.0,19.0,188.0,197.0,0.0,-9.0,9.0,0.0,5.236441962829949,5.2832037287379885,2.0
236,96.0,52.0,104.0,222.0,67.0,9.0,198.0,33.0,23.0,163.0,217.0,589.0,226.0,67.0,12.0,20.0,192.0,201.0,0.0,-9.0,9.0,0.0,5.2574953720277815,5.303304908059076,1.0
237,105.0,46.0,100.0,195.0,61.0,9.0,193.0,34.0,22.0,150.0,207.0,557.0,161.0,65.0,5.0,9.0,194.0,202.0,0.0,-8.0,8.0,0.0,5.267858159063328,5.308267697401204,1.0
238,108.0,56.0,102.0,246.0,75.0,6.0,239.0,28.0,26.0,167.0,264.0,855.0,228.0,82.0,9.0,13.0,186.0,185.0,0.0,1.0,-1.0,0.0,5.225746673713201,5.220355825078324,0.0
239,83.0,44.0,68.0,144.0,61.0,8.0,147.0,45.0,19.0,143.0,170.0,325.0,180.0,74.0,1.0,1.0,185.0,191.0,0.0,-6.0,6.0,0.0,5.220355825078324,5.25227342804663,0.0
240,97.0,55.0,103.0,197.0,63.0,11.0,215.0,31.0,24.0,172.0,219.0,677.0,219.0,75.0,5.0,24.0,185.0,194.0,0.0,-9.0,9.0,0.0,5.220355825078324,5.267858159063328,1.0
241,86.0,44.0,70.0,140.0,64.0,6.0,148.0,45.0,19.0,145.0,170.0,322.0,185.0,82.0,10.0,1.0,181.0,183.0,0.0,-2.0,2.0,0.0,5.198497031265825,5.2094861528414205,0.0
242,90.0,39.0,86.0,169.0,62.0,7.0,162.0,41.0,20.0,131.0,194.0,388.0,147.0,74.0,1.0,22.0,185.0,191.0,0.0,-6.0,6.0,0.0,5.220355825078324,5.25227342804663,1.0
243,93.0,37.0,70.0,126.0,52.0,9.0,127.0,53.0,18.0,137.0,156.0,238.0,119.0,71.0,2.0,13.0,191.0,190.0,0.0,1.0,-1.0,0.0,5.25227342804663,5.247024072160486,3.0
244,110.0,46.0,100.0,197.0,61.0,9.0,193.0,34.0,22.0,149.0,209.0,561.0,160.0,65.0,11.0,7.0,194.0,203.0,0.0,-9.0,9.0,0.0,5.267858159063328,5.313205979041787,2.0
245,101.0,52.0,105.0,162.0,53.0,10.0,212.0,31.0,24.0,163.0,226.0,669.0,204.0,74.0,12.0,11.0,186.0,194.0,0.0,-8.0,8.0,0.0,5.225746673713201,5.267858159063328,1.0
246,89.0,36.0,69.0,162.0,63.0,6.0,140.0,48.0,18.0,131.0,164.0,291.0,126.0,66.0,1.0,38.0,193.0,204.0,0.0,-11.0,11.0,0.0,5.262690188904886,5.318119993844216,2.0
247,83.0,40.0,59.0,116.0,53.0,7.0,132.0,52.0,18.0,137.0,145.0,250.0,157.0,84.0,12.0,6.0,177.0,183.0,0.0,-6.0,6.0,0.0,5.176149732573829,5.2094861528414205,3.0
248,100.0,51.0,109.0,224.0,67.0,9.0,217.0,30.0,24.0,162.0,238.0,704.0,206.0,72.0,6.0,18.0,189.0,199.0,0.0,-10.0,10.0,0.0,5.241747015059643,5.293304824724492,1.0
249,98.0,46.0,88.0,191.0,63.0,6.0,192.0,34.0,22.0,147.0,215.0,563.0,174.0,73.0,2.0,26.0,194.0,197.0,0.0,-3.0,3.0,0.0,5.267858159063328,5.2832037287379885,0.0
250,91.0,44.0,66.0,151.0,63.0,7.0,137.0,48.0,18.0,146.0,166.0,280.0,167.0,72.0,1.0,9.0,188.0,194.0,0.0,-6.0,6.0,0.0,5.236441962829949,5.267858159063328,3.0
251,97.0,37.0,76.0,169.0,60.0,8.0,161.0,41.0,20.0,131.0,189.0,391.0,136.0,72.0,0.0,0.0,188.0,192.0,0.0,-4.0,4.0,0.0,5.236441962829949,5.2574953720277815,1.0
252,97.0,41.0,62.0,133.0,56.0,7.0,130.0,52.0,18.0,143.0,158.0,247.0,157.0,78.0,5.0,7.0,184.0,186.0,0.0,-2.0,2.0,0.0,5.214935757608986,5.225746673713201,3.0
253,94.0,49.0,87.0,137.0,54.0,11.0,158.0,43.0,20.0,162.0,178.0,366.0,186.0,75.0,5.0,5.0,183.0,194.0,0.0,-11.0,11.0,0.0,5.2094861528414205,5.267858159063328,3.0
254,90.0,48.0,78.0,142.0,59.0,11.0,160.0,43.0,20.0,160.0,173.0,370.0,185.0,76.0,10.0,11.0,183.0,192.0,0.0,-9.0,9.0,0.0,5.2094861528414205,5.2574953720277815,3.0
255,98.0,46.0,77.0,199.0,71.0,7.0,166.0,39.0,20.0,150.0,184.0,422.0,180.0,69.0,13.0,9.0,200.0,203.0,0.0,-3.0,3.0,0.0,5.298317366548036,5.313205979041787,0.0
256,103.0,53.0,106.0,172.0,55.0,10.0,212.0,32.0,24.0,168.0,220.0,660.0,223.0,73.0,16.0,24.0,187.0,197.0,0.0,-10.0,10.0,0.0,5.231108616854587,5.2832037287379885,2.0
257,105.0,51.0,108.0,201.0,62.0,11.0,220.0,30.0,25.0,163.0,232.0,711.0,202.0,72.0,12.0,16.0,189.0,200.0,0.0,-11.0,11.0,0.0,5.241747015059643,5.298317366548036,2.0
258,105.0,54.0,96.0,185.0,57.0,10.0,219.0,30.0,25.0,170.0,231.0,706.0,217.0,75.0,5.0,12.0,187.0,195.0,0.0,-8.0,8.0,0.0,5.231108616854587,5.272999558563747,1.0
259,85.0,40.0,75.0,137.0,56.0,7.0,152.0,44.0,19.0,134.0,173.0,339.0,160.0,76.0,7.0,16.0,182.0,187.0,0.0,-5.0,5.0,0.0,5.204006687076795,5.231108616854587,2.0
260,86.0,40.0,75.0,146.0,62.0,6.0,140.0,48.0,18.0,135.0,158.0,290.0,162.0,72.0,3.0,21.0,183.0,190.0,0.0,-7.0,7.0,0.0,5.2094861528414205,5.247024072160486,1.0
261,88.0,40.0,79.0,183.0,62.0,7.0,176.0,38.0,21.0,138.0,200.0,462.0,150.0,66.0,0.0,29.0,189.0,199.0,0.0,-10.0,10.0,0.0,5.241747015059643,5.293304824724492,1.0
262,90.0,36.0,57.0,130.0,57.0,6.0,121.0,56.0,17.0,127.0,137.0,216.0,132.0,68.0,22.0,23.0,190.0,195.0,0.0,-5.0,5.0,0.0,5.247024072160486,5.272999558563747,2.0
263,80.0,34.0,42.0,110.0,57.0,3.0,114.0,59.0,17.0,119.0,131.0,191.0,121.0,87.0,4.0,7.0,179.0,183.0,0.0,-4.0,4.0,0.0,5.187385805840755,5.2094861528414205,1.0
264,82.0,44.0,72.0,150.0,64.0,7.0,154.0,44.0,19.0,144.0,181.0,350.0,177.0,80.0,0.0,16.0,183.0,187.0,0.0,-4.0,4.0,0.0,5.2094861528414205,5.231108616854587,0.0
265,91.0,42.0,66.0,142.0,58.0,9.0,134.0,50.0,18.0,142.0,163.0,268.0,164.0,69.0,6.0,5.0,191.0,197.0,0.0,-6.0,6.0,0.0,5.25227342804663,5.2832037287379885,3.0
266,94.0,44.0,84.0,216.0,74.0,6.0,184.0,35.0,22.0,145.0,208.0,525.0,154.0,73.0,4.0,22.0,196.0,197.0,0.0,-1.0,1.0,0.0,5.278114659230517,5.2832037287379885,0.0
267,83.0,40.0,53.0,114.0,53.0,6.0,132.0,53.0,18.0,140.0,142.0,247.0,157.0,86.0,8.0,7.0,176.0,183.0,0.0,-7.0,7.0,0.0,5.170483995038151,5.2094861528414205,3.0
268,100.0,48.0,95.0,209.0,68.0,7.0,199.0,32.0,23.0,150.0,216.0,605.0,200.0,73.0,7.0,11.0,192.0,194.0,0.0,-2.0,2.0,0.0,5.2574953720277815,5.267858159063328,0.0
269,111.0,50.0,103.0,199.0,60.0,11.0,211.0,31.0,24.0,156.0,223.0,663.0,188.0,68.0,9.0,9.0,190.0,200.0,0.0,-10.0,10.0,0.0,5.247024072160486,5.298317366548036,2.0
270,109.0,55.0,102.0,169.0,51.0,6.0,241.0,27.0,26.0,165.0,265.0,870.0,247.0,84.0,10.0,11.0,184.0,183.0,0.0,1.0,-1.0,0.0,5.214935757608986,5.2094861528414205,0.0
271,81.0,47.0,69.0,146.0,64.0,6.0,151.0,44.0,19.0,147.0,171.0,340.0,195.0,75.0,5.0,0.0,183.0,188.0,0.0,-5.0,5.0,0.0,5.2094861528414205,5.236441962829949,0.0
272,104.0,57.0,103.0,222.0,72.0,12.0,221.0,30.0,25.0,177.0,223.0,718.0,218.0,72.0,11.0,12.0,186.0,195.0,0.0,-9.0,9.0,0.0,5.225746673713201,5.272999558563747,1.0
273,103.0,55.0,100.0,194.0,62.0,11.0,212.0,31.0,24.0,175.0,217.0,666.0,219.0,73.0,10.0,14.0,187.0,194.0,0.0,-7.0,7.0,0.0,5.231108616854587,5.267858159063328,1.0
274,108.0,54.0,105.0,203.0,62.0,11.0,202.0,33.0,23.0,164.0,216.0,608.0,235.0,68.0,12.0,3.0,190.0,200.0,0.0,-10.0,10.0,0.0,5.247024072160486,5.298317366548036,2.0
275,106.0,53.0,98.0,192.0,58.0,11.0,217.0,31.0,24.0,166.0,228.0,693.0,191.0,71.0,11.0,24.0,188.0,198.0,0.0,-10.0,10.0,0.0,5.236441962829949,5.288267030694535,1.0
276,89.0,41.0,63.0,134.0,59.0,6.0,123.0,55.0,17.0,137.0,148.0,223.0,150.0,76.0,12.0,3.0,186.0,188.0,0.0,-2.0,2.0,0.0,5.225746673713201,5.236441962829949,3.0
277,90.0,44.0,69.0,152.0,64.0,7.0,135.0,49.0,18.0,145.0,165.0,272.0,162.0,75.0,3.0,2.0,187.0,191.0,0.0,-4.0,4.0,0.0,5.231108616854587,5.25227342804663,3.0
278,109.0,54.0,109.0,225.0,68.0,11.0,214.0,31.0,24.0,169.0,226.0,675.0,212.0,68.0,11.0,32.0,189.0,202.0,0.0,-13.0,13.0,0.0,5.241747015059643,5.308267697401204,2.0
279,102.0,43.0,96.0,197.0,63.0,10.0,185.0,36.0,22.0,142.0,202.0,513.0,139.0,65.0,8.0,12.0,195.0,204.0,0.0,-9.0,9.0,0.0,5.272999558563747,5.318119993844216,1.0
280,79.0,38.0,55.0,120.0,55.0,5.0,142.0,48.0,19.0,128.0,153.0,295.0,145.0,81.0,4.0,2.0,180.0,183.0,0.0,-3.0,3.0,0.0,5.19295685089021,5.2094861528414205,2.0
281,101.0,56.0,100.0,168.0,55.0,11.0,214.0,31.0,24.0,175.0,219.0,681.0,224.0,74.0,2.0,3.0,185.0,192.0,0.0,-7.0,7.0,0.0,5.220355825078324,5.2574953720277815,1.0
282,107.0,53.0,103.0,221.0,66.0,11.0,209.0,32.0,24.0,163.0,222.0,653.0,212.0,66.0,0.0,1.0,191.0,201.0,0.0,-10.0,10.0,0.0,5.25227342804663,5.303304908059076,1.0
283,92.0,42.0,75.0,172.0,60.0,8.0,147.0,45.0,19.0,142.0,174.0,322.0,160.0,62.0,22.0,10.0,206.0,211.0,0.0,-5.0,5.0,0.0,5.327876168789581,5.351858133476067,1.0
284,110.0,58.0,106.0,180.0,51.0,6.0,261.0,26.0,28.0,171.0,278.0,998.0,257.0,83.0,9.0,13.0,181.0,182.0,0.0,-1.0,1.0,0.0,5.198497031265825,5.204006687076795,0.0
285,103.0,49.0,100.0,194.0,60.0,10.0,185.0,35.0,22.0,160.0,202.0,518.0,178.0,62.0,13.0,8.0,198.0,208.0,0.0,-10.0,10.0,0.0,5.288267030694535,5.337538079701318,2.0
286,104.0,51.0,105.0,168.0,54.0,10.0,208.0,32.0,24.0,162.0,220.0,641.0,221.0,72.0,9.0,20.0,187.0,197.0,0.0,-10.0,10.0,0.0,5.231108616854587,5.2832037287379885,2.0
287,100.0,50.0,98.0,204.0,63.0,6.0,218.0,30.0,24.0,156.0,232.0,719.0,213.0,77.0,8.0,7.0,189.0,189.0,0.0,0.0,0.0,0.0,5.241747015059643,5.241747015059643,0.0
288,99.0,47.0,91.0,226.0,74.0,5.0,202.0,32.0,23.0,148.0,234.0,629.0,186.0,79.0,4.0,11.0,192.0,191.0,0.0,1.0,-1.0,0.0,5.2574953720277815,5.25227342804663,0.0
289,96.0,45.0,80.0,162.0,63.0,9.0,146.0,46.0,19.0,148.0,161.0,316.0,161.0,64.0,5.0,10.0,199.0,207.0,0.0,-8.0,8.0,0.0,5.293304824724492,5.332718793265369,3.0
290,95.0,43.0,76.0,142.0,57.0,10.0,151.0,44.0,19.0,149.0,173.0,339.0,159.0,71.0,2.0,23.0,187.0,200.0,0.0,-13.0,13.0,0.0,5.231108616854587,5.298317366548036,3.0
291,85.0,45.0,80.0,154.0,64.0,9.0,147.0,45.0,19.0,148.0,169.0,324.0,174.0,71.0,1.0,4.0,188.0,199.0,0.0,-11.0,11.0,0.0,5.236441962829949,5.293304824724492,3.0
292,80.0,39.0,60.0,122.0,56.0,6.0,139.0,49.0,18.0,131.0,151.0,281.0,142.0,80.0,0.0,5.0,179.0,186.0,0.0,-7.0,7.0,0.0,5.187385805840755,5.225746673713201,1.0
293,95.0,48.0,104.0,214.0,67.0,9.0,205.0,32.0,23.0,151.0,227.0,628.0,202.0,74.0,5.0,9.0,186.0,193.0,0.0,-7.0,7.0,0.0,5.225746673713201,5.262690188904886,1.0
294,96.0,55.0,98.0,161.0,54.0,10.0,215.0,31.0,24.0,175.0,226.0,683.0,221.0,76.0,3.0,6.0,185.0,193.0,0.0,-8.0,8.0,0.0,5.220355825078324,5.262690188904886,1.0
295,99.0,57.0,109.0,220.0,66.0,11.0,221.0,30.0,25.0,176.0,234.0,725.0,236.0,70.0,10.0,25.0,188.0,200.0,0.0,-12.0,12.0,0.0,5.236441962829949,5.298317366548036,1.0
296,112.0,50.0,110.0,186.0,56.0,11.0,214.0,31.0,24.0,159.0,232.0,676.0,203.0,71.0,18.0,27.0,191.0,202.0,0.0,-11.0,11.0,0.0,5.25227342804663,5.308267697401204,2.0
297,94.0,49.0,82.0,137.0,56.0,10.0,159.0,43.0,20.0,160.0,176.0,367.0,186.0,76.0,10.0,7.0,183.0,192.0,0.0,-9.0,9.0,0.0,5.2094861528414205,5.2574953720277815,3.0
298,84.0,45.0,68.0,148.0,64.0,6.0,146.0,46.0,19.0,142.0,168.0,317.0,180.0,75.0,5.0,1.0,183.0,187.0,0.0,-4.0,4.0,0.0,5.2094861528414205,5.231108616854587,0.0
299,106.0,53.0,98.0,203.0,63.0,11.0,220.0,30.0,25.0,167.0,228.0,710.0,214.0,71.0,10.0,24.0,188.0,197.0,0.0,-9.0,9.0,0.0,5.236441962829949,5.2832037287379885,1.0
300,80.0,45.0,71.0,128.0,56.0,7.0,151.0,45.0,19.0,147.0,171.0,337.0,176.0,79.0,3.0,16.0,181.0,187.0,0.0,-6.0,6.0,0.0,5.198497031265825,5.231108616854587,0.0
301,104.0,52.0,110.0,172.0,53.0,10.0,219.0,30.0,25.0,166.0,235.0,711.0,218.0,74.0,10.0,28.0,188.0,198.0,0.0,-10.0,10.0,0.0,5.236441962829949,5.288267030694535,1.0
302,85.0,37.0,68.0,145.0,60.0,6.0,130.0,51.0,18.0,130.0,150.0,253.0,121.0,65.0,3.0,14.0,195.0,203.0,0.0,-8.0,8.0,0.0,5.272999558563747,5.313205979041787,3.0
303,104.0,55.0,100.0,201.0,66.0,10.0,214.0,31.0,24.0,173.0,224.0,680.0,221.0,74.0,1.0,1.0,185.0,194.0,0.0,-9.0,9.0,0.0,5.220355825078324,5.267858159063328,2.0
304,97.0,45.0,91.0,161.0,63.0,10.0,151.0,45.0,19.0,148.0,166.0,334.0,171.0,65.0,18.0,20.0,197.0,205.0,0.0,-8.0,8.0,0.0,5.2832037287379885,5.323009979138408,3.0
305,88.0,46.0,74.0,171.0,68.0,6.0,152.0,43.0,19.0,148.0,180.0,349.0,192.0,71.0,5.0,11.0,189.0,195.0,0.0,-6.0,6.0,0.0,5.241747015059643,5.272999558563747,0.0
306,104.0,55.0,105.0,216.0,68.0,11.0,205.0,32.0,23.0,169.0,221.0,623.0,216.0,71.0,9.0,18.0,189.0,196.0,0.0,-7.0,7.0,0.0,5.241747015059643,5.278114659230517,1.0
307,107.0,55.0,103.0,167.0,49.0,7.0,252.0,27.0,28.0,172.0,269.0,904.0,239.0,83.0,5.0,30.0,179.0,186.0,0.0,-7.0,7.0,0.0,5.187385805840755,5.225746673713201,0.0
308,95.0,47.0,88.0,162.0,64.0,11.0,159.0,43.0,20.0,157.0,176.0,371.0,185.0,71.0,12.0,13.0,189.0,198.0,0.0,-9.0,9.0,0.0,5.241747015059643,5.288267030694535,3.0
309,83.0,46.0,68.0,139.0,59.0,6.0,150.0,44.0,19.0,146.0,172.0,336.0,183.0,74.0,5.0,3.0,185.0,191.0,0.0,-6.0,6.0,0.0,5.220355825078324,5.25227342804663,0.0
310,87.0,37.0,60.0,132.0,57.0,6.0,128.0,52.0,18.0,129.0,154.0,243.0,132.0,71.0,1.0,14.0,186.0,192.0,0.0,-6.0,6.0,0.0,5.225746673713201,5.2574953720277815,2.0
311,91.0,39.0,83.0,176.0,59.0,7.0,169.0,39.0,20.0,132.0,190.0,426.0,142.0,67.0,0.0,24.0,192.0,199.0,0.0,-7.0,7.0,0.0,5.2574953720277815,5.293304824724492,2.0
312,110.0,54.0,102.0,201.0,64.0,11.0,213.0,31.0,24.0,171.0,222.0,669.0,221.0,73.0,17.0,16.0,188.0,198.0,0.0,-10.0,10.0,0.0,5.236441962829949,5.288267030694535,2.0
313,83.0,37.0,49.0,112.0,55.0,5.0,122.0,55.0,17.0,128.0,144.0,219.0,146.0,85.0,8.0,16.0,180.0,184.0,0.0,-4.0,4.0,0.0,5.19295685089021,5.214935757608986,3.0
314,95.0,53.0,95.0,202.0,65.0,10.0,193.0,34.0,22.0,160.0,220.0,559.0,237.0,71.0,3.0,2.0,188.0,196.0,0.0,-8.0,8.0,0.0,5.236441962829949,5.278114659230517,2.0
315,86.0,38.0,76.0,143.0,59.0,8.0,142.0,47.0,18.0,131.0,167.0,301.0,138.0,71.0,5.0,10.0,189.0,196.0,0.0,-7.0,7.0,0.0,5.241747015059643,5.278114659230517,3.0
316,106.0,49.0,96.0,201.0,61.0,10.0,181.0,36.0,21.0,158.0,197.0,494.0,180.0,62.0,19.0,15.0,202.0,209.0,0.0,-7.0,7.0,0.0,5.308267697401204,5.342334251964811,1.0
317,88.0,43.0,70.0,177.0,74.0,19.0,152.0,44.0,19.0,143.0,180.0,342.0,168.0,76.0,1.0,9.0,186.0,189.0,0.0,-3.0,3.0,0.0,5.225746673713201,5.241747015059643,0.0
318,92.0,45.0,76.0,162.0,57.0,7.0,159.0,41.0,20.0,147.0,184.0,381.0,177.0,69.0,8.0,10.0,190.0,195.0,0.0,-5.0,5.0,0.0,5.247024072160486,5.272999558563747,2.0
319,104.0,54.0,100.0,186.0,61.0,10.0,216.0,31.0,24.0,173.0,225.0,686.0,220.0,74.0,5.0,11.0,185.0,195.0,0.0,-10.0,10.0,0.0,5.220355825078324,5.272999558563747,2.0
320,96.0,41.0,77.0,177.0,64.0,5.0,177.0,36.0,21.0,134.0,205.0,485.0,148.0,74.0,0.0,4.0,196.0,198.0,0.0,-2.0,2.0,0.0,5.278114659230517,5.288267030694535,0.0
321,104.0,52.0,96.0,188.0,59.0,9.0,188.0,35.0,22.0,161.0,206.0,530.0,205.0,67.0,11.0,8.0,193.0,200.0,0.0,-7.0,7.0,0.0,5.262690188904886,5.298317366548036,1.0
322,109.0,52.0,104.0,199.0,60.0,12.0,215.0,31.0,24.0,162.0,220.0,691.0,212.0,67.0,11.0,7.0,189.0,199.0,0.0,-10.0,10.0,0.0,5.241747015059643,5.293304824724492,2.0
323,78.0,43.0,70.0,147.0,65.0,8.0,147.0,46.0,19.0,145.0,169.0,319.0,168.0,77.0,1.0,12.0,181.0,186.0,0.0,-5.0,5.0,0.0,5.198497031265825,5.225746673713201,0.0
324,104.0,56.0,96.0,231.0,74.0,11.0,220.0,30.0,25.0,172.0,223.0,713.0,218.0,73.0,6.0,16.0,186.0,195.0,0.0,-9.0,9.0,0.0,5.225746673713201,5.272999558563747,1.0
325,88.0,44.0,84.0,135.0,55.0,12.0,155.0,44.0,20.0,158.0,176.0,351.0,164.0,75.0,7.0,11.0,183.0,195.0,0.0,-12.0,12.0,0.0,5.2094861528414205,5.272999558563747,3.0
326,110.0,51.0,104.0,191.0,57.0,12.0,213.0,31.0,24.0,162.0,226.0,674.0,190.0,68.0,18.0,2.0,191.0,199.0,0.0,-8.0,8.0,0.0,5.25227342804663,5.293304824724492,2.0
327,88.0,44.0,71.0,145.0,56.0,8.0,142.0,48.0,19.0,143.0,159.0,296.0,174.0,68.0,7.0,18.0,188.0,197.0,0.0,-9.0,9.0,0.0,5.236441962829949,5.2832037287379885,1.0
328,93.0,46.0,85.0,169.0,66.0,9.0,151.0,44.0,19.0,147.0,169.0,339.0,179.0,67.0,0.0,4.0,195.0,204.0,0.0,-9.0,9.0,0.0,5.272999558563747,5.318119993844216,3.0
329,96.0,46.0,88.0,160.0,64.0,9.0,151.0,44.0,19.0,148.0,173.0,339.0,182.0,70.0,15.0,11.0,192.0,199.0,0.0,-7.0,7.0,0.0,5.2574953720277815,5.293304824724492,3.0
330,79.0,47.0,74.0,141.0,61.0,7.0,153.0,43.0,19.0,149.0,175.0,349.0,199.0,77.0,6.0,10.0,183.0,189.0,0.0,-6.0,6.0,0.0,5.2094861528414205,5.241747015059643,0.0
331,82.0,40.0,73.0,141.0,57.0,8.0,153.0,44.0,19.0,133.0,173.0,342.0,153.0,75.0,11.0,9.0,181.0,187.0,0.0,-6.0,6.0,0.0,5.198497031265825,5.231108616854587,1.0
332,84.0,38.0,74.0,138.0,57.0,8.0,139.0,49.0,18.0,127.0,160.0,282.0,127.0,72.0,9.0,20.0,183.0,191.0,0.0,-8.0,8.0,0.0,5.2094861528414205,5.25227342804663,1.0
333,103.0,49.0,107.0,179.0,54.0,12.0,208.0,32.0,24.0,159.0,214.0,644.0,183.0,66.0,1.0,12.0,191.0,200.0,0.0,-9.0,9.0,0.0,5.25227342804663,5.298317366548036,1.0
334,95.0,51.0,96.0,196.0,63.0,9.0,190.0,35.0,22.0,161.0,208.0,543.0,235.0,68.0,13.0,0.0,191.0,198.0,0.0,-7.0,7.0,0.0,5.25227342804663,5.288267030694535,1.0
335,109.0,55.0,96.0,191.0,57.0,6.0,241.0,28.0,26.0,170.0,267.0,857.0,242.0,85.0,8.0,9.0,184.0,184.0,0.0,0.0,0.0,0.0,5.214935757608986,5.214935757608986,0.0
336,89.0,42.0,85.0,144.0,58.0,10.0,152.0,44.0,19.0,144.0,173.0,345.0,161.0,72.0,8.0,13.0,187.0,197.0,0.0,-10.0,10.0,0.0,5.231108616854587,5.2832037287379885,3.0
337,97.0,46.0,94.0,209.0,67.0,10.0,195.0,34.0,22.0,147.0,224.0,573.0,194.0,70.0,0.0,14.0,188.0,197.0,0.0,-9.0,9.0,0.0,5.236441962829949,5.2832037287379885,1.0
338,104.0,55.0,107.0,222.0,68.0,11.0,218.0,31.0,24.0,173.0,232.0,703.0,229.0,71.0,3.0,10.0,188.0,199.0,0.0,-11.0,11.0,0.0,5.236441962829949,5.293304824724492,2.0
339,87.0,42.0,76.0,159.0,65.0,5.0,155.0,42.0,19.0,138.0,184.0,362.0,157.0,76.0,6.0,12.0,189.0,193.0,0.0,-4.0,4.0,0.0,5.241747015059643,5.262690188904886,0.0
340,92.0,43.0,69.0,158.0,56.0,7.0,149.0,44.0,19.0,143.0,170.0,333.0,168.0,63.0,14.0,18.0,198.0,203.0,0.0,-5.0,5.0,0.0,5.288267030694535,5.313205979041787,1.0
341,85.0,38.0,72.0,130.0,53.0,9.0,134.0,51.0,18.0,132.0,145.0,261.0,123.0,65.0,1.0,24.0,188.0,198.0,0.0,-10.0,10.0,0.0,5.236441962829949,5.288267030694535,1.0
342,91.0,45.0,76.0,171.0,69.0,7.0,150.0,44.0,19.0,144.0,170.0,340.0,179.0,69.0,12.0,1.0,195.0,201.0,0.0,-6.0,6.0,0.0,5.272999558563747,5.303304908059076,0.0
343,110.0,53.0,104.0,223.0,66.0,10.0,211.0,32.0,24.0,164.0,223.0,659.0,210.0,67.0,5.0,16.0,190.0,203.0,0.0,-13.0,13.0,0.0,5.247024072160486,5.313205979041787,2.0
344,89.0,40.0,76.0,188.0,76.0,7.0,150.0,44.0,19.0,136.0,174.0,342.0,148.0,72.0,3.0,8.0,193.0,197.0,0.0,-4.0,4.0,0.0,5.262690188904886,5.2832037287379885,0.0
345,110.0,56.0,103.0,223.0,64.0,5.0,250.0,26.0,27.0,169.0,280.0,928.0,239.0,85.0,4.0,6.0,184.0,183.0,0.0,1.0,-1.0,0.0,5.214935757608986,5.2094861528414205,0.0
346,94.0,48.0,87.0,162.0,64.0,10.0,157.0,43.0,20.0,161.0,179.0,363.0,186.0,75.0,4.0,15.0,184.0,195.0,0.0,-11.0,11.0,0.0,5.214935757608986,5.272999558563747,3.0
347,83.0,37.0,62.0,113.0,53.0,6.0,122.0,55.0,17.0,129.0,143.0,218.0,135.0,79.0,0.0,7.0,181.0,185.0,0.0,-4.0,4.0,0.0,5.198497031265825,5.220355825078324,3.0
348,96.0,48.0,83.0,177.0,59.0,8.0,171.0,39.0,21.0,152.0,195.0,438.0,196.0,67.0,15.0,0.0,195.0,201.0,0.0,-6.0,6.0,0.0,5.272999558563747,5.303304908059076,1.0
349,94.0,38.0,84.0,158.0,55.0,9.0,169.0,39.0,20.0,130.0,196.0,430.0,155.0,69.0,9.0,15.0,190.0,195.0,0.0,-5.0,5.0,0.0,5.247024072160486,5.272999558563747,1.0
350,100.0,46.0,81.0,187.0,61.0,9.0,166.0,40.0,20.0,154.0,189.0,415.0,175.0,63.0,13.0,9.0,198.0,207.0,0.0,-9.0,9.0,0.0,5.288267030694535,5.332718793265369,2.0
351,92.0,38.0,60.0,130.0,62.0,5.0,114.0,58.0,17.0,132.0,135.0,194.0,137.0,72.0,14.0,5.0,190.0,194.0,0.0,-4.0,4.0,0.0,5.247024072160486,5.267858159063328,3.0
352,90.0,37.0,80.0,171.0,58.0,9.0,157.0,42.0,20.0,132.0,172.0,373.0,115.0,60.0,3.0,18.0,201.0,209.0,0.0,-8.0,8.0,0.0,5.303304908059076,5.342334251964811,2.0
353,96.0,40.0,100.0,178.0,58.0,8.0,181.0,37.0,21.0,134.0,205.0,486.0,160.0,68.0,5.0,34.0,192.0,202.0,0.0,-10.0,10.0,0.0,5.2574953720277815,5.308267697401204,2.0
354,89.0,37.0,51.0,111.0,54.0,5.0,120.0,56.0,17.0,127.0,138.0,213.0,147.0,82.0,7.0,4.0,181.0,183.0,0.0,-2.0,2.0,0.0,5.198497031265825,5.2094861528414205,3.0
355,89.0,36.0,72.0,141.0,56.0,7.0,138.0,48.0,18.0,126.0,163.0,286.0,130.0,72.0,1.0,1.0,187.0,192.0,0.0,-5.0,5.0,0.0,5.231108616854587,5.2574953720277815,1.0
356,86.0,44.0,65.0,129.0,56.0,6.0,152.0,45.0,19.0,150.0,168.0,331.0,177.0,83.0,4.0,13.0,178.0,183.0,0.0,-5.0,5.0,0.0,5.181783550292085,5.2094861528414205,0.0
357,89.0,38.0,77.0,161.0,62.0,7.0,149.0,45.0,19.0,129.0,174.0,327.0,153.0,71.0,6.0,21.0,188.0,193.0,0.0,-5.0,5.0,0.0,5.236441962829949,5.262690188904886,2.0
358,93.0,34.0,72.0,144.0,56.0,6.0,133.0,50.0,18.0,123.0,158.0,263.0,125.0,63.0,5.0,20.0,200.0,206.0,0.0,-6.0,6.0,0.0,5.298317366548036,5.327876168789581,2.0
359,104.0,53.0,108.0,206.0,61.0,11.0,217.0,31.0,24.0,168.0,226.0,694.0,209.0,67.0,0.0,9.0,188.0,201.0,0.0,-13.0,13.0,0.0,5.236441962829949,5.303304908059076,2.0
360,105.0,54.0,108.0,234.0,70.0,12.0,215.0,31.0,24.0,168.0,226.0,687.0,228.0,68.0,4.0,22.0,189.0,201.0,0.0,-12.0,12.0,0.0,5.241747015059643,5.303304908059076,2.0
361,100.0,52.0,109.0,225.0,68.0,10.0,222.0,30.0,25.0,165.0,241.0,731.0,207.0,73.0,7.0,28.0,188.0,199.0,0.0,-11.0,11.0,0.0,5.236441962829949,5.293304824724492,1.0
362,92.0,38.0,71.0,174.0,66.0,7.0,154.0,43.0,19.0,133.0,181.0,355.0,130.0,70.0,4.0,24.0,189.0,195.0,0.0,-6.0,6.0,0.0,5.241747015059643,5.272999558563747,2.0
363,101.0,51.0,112.0,201.0,59.0,11.0,214.0,32.0,24.0,162.0,223.0,667.0,194.0,65.0,0.0,36.0,190.0,206.0,0.0,-16.0,16.0,0.0,5.247024072160486,5.327876168789581,2.0
364,86.0,37.0,60.0,115.0,54.0,5.0,119.0,56.0,17.0,132.0,141.0,209.0,129.0,72.0,2.0,8.0,186.0,190.0,0.0,-4.0,4.0,0.0,5.225746673713201,5.247024072160486,3.0
365,101.0,46.0,105.0,195.0,61.0,10.0,198.0,34.0,23.0,150.0,213.0,578.0,195.0,66.0,7.0,38.0,192.0,205.0,0.0,-13.0,13.0,0.0,5.2574953720277815,5.323009979138408,2.0
366,94.0,46.0,77.0,169.0,60.0,8.0,158.0,42.0,20.0,148.0,181.0,373.0,181.0,67.0,12.0,2.0,193.0,199.0,0.0,-6.0,6.0,0.0,5.262690188904886,5.293304824724492,2.0
367,92.0,46.0,79.0,176.0,64.0,8.0,162.0,41.0,20.0,149.0,183.0,396.0,178.0,67.0,2.0,10.0,191.0,198.0,0.0,-7.0,7.0,0.0,5.25227342804663,5.288267030694535,1.0
368,86.0,39.0,58.0,125.0,55.0,5.0,117.0,57.0,17.0,134.0,140.0,204.0,148.0,69.0,7.0,6.0,190.0,194.0,0.0,-4.0,4.0,0.0,5.247024072160486,5.267858159063328,3.0
369,84.0,43.0,70.0,123.0,54.0,8.0,151.0,45.0,19.0,146.0,173.0,332.0,176.0,81.0,1.0,12.0,181.0,184.0,0.0,-3.0,3.0,0.0,5.198497031265825,5.214935757608986,0.0
370,99.0,52.0,104.0,177.0,55.0,10.0,210.0,32.0,24.0,166.0,219.0,657.0,215.0,73.0,3.0,2.0,187.0,194.0,0.0,-7.0,7.0,0.0,5.231108616854587,5.267858159063328,1.0
371,114.0,57.0,102.0,181.0,52.0,6.0,257.0,26.0,28.0,169.0,287.0,968.0,261.0,85.0,2.0,21.0,182.0,184.0,0.0,-2.0,2.0,0.0,5.204006687076795,5.214935757608986,0.0
372,89.0,44.0,76.0,125.0,54.0,10.0,156.0,44.0,20.0,151.0,163.0,352.0,176.0,76.0,12.0,12.0,184.0,193.0,0.0,-9.0,9.0,0.0,5.214935757608986,5.262690188904886,3.0
373,86.0,40.0,66.0,138.0,59.0,4.0,137.0,49.0,18.0,133.0,162.0,279.0,151.0,74.0,6.0,14.0,186.0,190.0,0.0,-4.0,4.0,0.0,5.225746673713201,5.247024072160486,2.0
374,89.0,46.0,84.0,163.0,66.0,11.0,159.0,43.0,20.0,159.0,173.0,368.0,176.0,72.0,1.0,20.0,186.0,197.0,0.0,-11.0,11.0,0.0,5.225746673713201,5.2832037287379885,3.0
375,104.0,52.0,94.0,208.0,66.0,5.0,208.0,31.0,24.0,161.0,227.0,666.0,218.0,76.0,11.0,4.0,193.0,191.0,0.0,2.0,-2.0,0.0,5.262690188904886,5.25227342804663,0.0
376,101.0,56.0,100.0,204.0,62.0,12.0,227.0,30.0,25.0,178.0,231.0,757.0,204.0,73.0,0.0,11.0,186.0,197.0,0.0,-11.0,11.0,0.0,5.225746673713201,5.2832037287379885,1.0
377,104.0,52.0,100.0,191.0,59.0,9.0,197.0,33.0,23.0,158.0,218.0,583.0,234.0,70.0,10.0,10.0,191.0,198.0,0.0,-7.0,7.0,0.0,5.25227342804663,5.288267030694535,2.0
378,105.0,53.0,108.0,206.0,63.0,12.0,222.0,31.0,25.0,168.0,226.0,712.0,201.0,71.0,15.0,35.0,189.0,203.0,0.0,-14.0,14.0,0.0,5.241747015059643,5.313205979041787,2.0
379,93.0,45.0,73.0,164.0,59.0,7.0,159.0,42.0,20.0,146.0,182.0,379.0,188.0,65.0,11.0,15.0,195.0,201.0,0.0,-6.0,6.0,0.0,5.272999558563747,5.303304908059076,1.0
380,93.0,42.0,98.0,192.0,63.0,9.0,185.0,36.0,22.0,138.0,206.0,508.0,173.0,70.0,10.0,21.0,189.0,197.0,0.0,-8.0,8.0,0.0,5.241747015059643,5.2832037287379885,2.0
381,101.0,42.0,62.0,175.0,67.0,6.0,149.0,43.0,19.0,139.0,169.0,341.0,165.0,65.0,7.0,11.0,202.0,209.0,0.0,-7.0,7.0,0.0,5.308267697401204,5.342334251964811,0.0
382,117.0,52.0,110.0,228.0,65.0,12.0,212.0,31.0,24.0,163.0,228.0,668.0,220.0,66.0,21.0,25.0,194.0,205.0,0.0,-11.0,11.0,0.0,5.267858159063328,5.323009979138408,2.0
383,97.0,47.0,87.0,164.0,64.0,9.0,156.0,43.0,20.0,149.0,173.0,359.0,182.0,68.0,1.0,13.0,192.0,202.0,0.0,-10.0,10.0,0.0,5.2574953720277815,5.308267697401204,3.0
384,87.0,41.0,76.0,165.0,67.0,7.0,148.0,45.0,19.0,140.0,171.0,327.0,152.0,72.0,7.0,13.0,188.0,195.0,0.0,-7.0,7.0,0.0,5.236441962829949,5.272999558563747,0.0
385,84.0,38.0,60.0,128.0,56.0,5.0,132.0,50.0,18.0,130.0,148.0,261.0,141.0,75.0,8.0,4.0,185.0,188.0,0.0,-3.0,3.0,0.0,5.220355825078324,5.236441962829949,1.0
386,107.0,54.0,96.0,201.0,62.0,12.0,218.0,31.0,24.0,170.0,221.0,694.0,217.0,71.0,2.0,21.0,187.0,198.0,0.0,-11.0,11.0,0.0,5.231108616854587,5.288267030694535,2.0
387,100.0,46.0,85.0,164.0,64.0,11.0,163.0,42.0,20.0,163.0,176.0,387.0,170.0,71.0,18.0,0.0,189.0,196.0,0.0,-7.0,7.0,0.0,5.241747015059643,5.278114659230517,3.0
388,95.0,45.0,105.0,208.0,64.0,10.0,187.0,36.0,22.0,150.0,202.0,520.0,158.0,64.0,7.0,32.0,198.0,211.0,0.0,-13.0,13.0,0.0,5.288267030694535,5.351858133476067,2.0
389,109.0,51.0,100.0,197.0,59.0,10.0,192.0,34.0,22.0,161.0,210.0,553.0,195.0,64.0,14.0,3.0,196.0,202.0,0.0,-6.0,6.0,0.0,5.278114659230517,5.308267697401204,1.0
390,89.0,40.0,89.0,174.0,58.0,8.0,177.0,37.0,21.0,133.0,202.0,471.0,155.0,70.0,7.0,18.0,189.0,196.0,0.0,-7.0,7.0,0.0,5.241747015059643,5.278114659230517,2.0
391,96.0,45.0,101.0,201.0,66.0,9.0,192.0,34.0,22.0,143.0,218.0,552.0,195.0,73.0,3.0,19.0,189.0,197.0,0.0,-8.0,8.0,0.0,5.241747015059643,5.2832037287379885,2.0
392,105.0,54.0,105.0,213.0,67.0,10.0,200.0,33.0,23.0,163.0,214.0,597.0,214.0,68.0,10.0,20.0,190.0,198.0,0.0,-8.0,8.0,0.0,5.247024072160486,5.288267030694535,1.0
393,89.0,37.0,54.0,119.0,53.0,5.0,134.0,50.0,18.0,127.0,151.0,266.0,146.0,79.0,16.0,14.0,184.0,185.0,0.0,-1.0,1.0,0.0,5.214935757608986,5.220355825078324,2.0
394,88.0,40.0,73.0,173.0,68.0,7.0,150.0,44.0,19.0,137.0,174.0,341.0,151.0,69.0,2.0,20.0,196.0,200.0,0.0,-4.0,4.0,0.0,5.278114659230517,5.298317366548036,0.0
395,89.0,38.0,82.0,156.0,59.0,8.0,153.0,43.0,19.0,129.0,179.0,351.0,137.0,70.0,1.0,1.0,187.0,192.0,0.0,-5.0,5.0,0.0,5.231108616854587,5.2574953720277815,2.0
396,94.0,46.0,79.0,181.0,62.0,8.0,167.0,40.0,20.0,148.0,190.0,418.0,193.0,67.0,12.0,15.0,191.0,198.0,0.0,-7.0,7.0,0.0,5.25227342804663,5.288267030694535,1.0
397,101.0,48.0,107.0,222.0,68.0,10.0,208.0,32.0,24.0,154.0,232.0,641.0,204.0,70.0,5.0,38.0,190.0,202.0,0.0,-12.0,12.0,0.0,5.247024072160486,5.308267697401204,1.0
398,108.0,52.0,109.0,182.0,55.0,12.0,216.0,31.0,24.0,171.0,229.0,687.0,214.0,72.0,10.0,28.0,189.0,201.0,0.0,-12.0,12.0,0.0,5.241747015059643,5.303304908059076,2.0
399,92.0,41.0,66.0,125.0,52.0,7.0,139.0,50.0,18.0,143.0,160.0,275.0,161.0,81.0,7.0,19.0,182.0,184.0,0.0,-2.0,2.0,0.0,5.204006687076795,5.214935757608986,3.0
400,97.0,47.0,88.0,183.0,60.0,7.0,197.0,33.0,23.0,148.0,214.0,596.0,201.0,74.0,8.0,0.0,192.0,191.0,0.0,1.0,-1.0,0.0,5.2574953720277815,5.25227342804663,0.0
401,86.0,43.0,68.0,152.0,62.0,7.0,150.0,44.0,19.0,142.0,179.0,337.0,164.0,75.0,4.0,9.0,188.0,192.0,0.0,-4.0,4.0,0.0,5.236441962829949,5.2574953720277815,0.0
402,85.0,45.0,82.0,133.0,56.0,11.0,159.0,43.0,20.0,156.0,170.0,362.0,173.0,76.0,10.0,21.0,183.0,193.0,0.0,-10.0,10.0,0.0,5.2094861528414205,5.262690188904886,3.0
403,91.0,42.0,66.0,169.0,66.0,7.0,145.0,44.0,19.0,140.0,169.0,325.0,159.0,67.0,4.0,0.0,201.0,207.0,0.0,-6.0,6.0,0.0,5.303304908059076,5.332718793265369,0.0
404,106.0,53.0,98.0,176.0,54.0,10.0,216.0,31.0,24.0,171.0,235.0,691.0,218.0,74.0,1.0,9.0,187.0,197.0,0.0,-10.0,10.0,0.0,5.231108616854587,5.2832037287379885,2.0
405,90.0,48.0,77.0,132.0,56.0,10.0,157.0,44.0,20.0,164.0,169.0,354.0,187.0,78.0,1.0,3.0,182.0,191.0,0.0,-9.0,9.0,0.0,5.204006687076795,5.25227342804663,3.0
406,100.0,47.0,88.0,190.0,60.0,10.0,171.0,38.0,21.0,155.0,186.0,440.0,169.0,59.0,15.0,18.0,201.0,210.0,0.0,-9.0,9.0,0.0,5.303304908059076,5.3471075307174685,2.0
407,98.0,39.0,81.0,191.0,64.0,9.0,166.0,40.0,20.0,138.0,184.0,415.0,131.0,62.0,8.0,19.0,197.0,205.0,0.0,-8.0,8.0,0.0,5.2832037287379885,5.323009979138408,2.0
408,89.0,36.0,51.0,109.0,52.0,6.0,118.0,57.0,17.0,129.0,137.0,206.0,125.0,80.0,2.0,14.0,181.0,185.0,0.0,-4.0,4.0,0.0,5.198497031265825,5.220355825078324,3.0
409,111.0,54.0,103.0,171.0,50.0,11.0,221.0,30.0,25.0,172.0,227.0,727.0,201.0,69.0,15.0,6.0,190.0,198.0,0.0,-8.0,8.0,0.0,5.247024072160486,5.288267030694535,1.0
410,89.0,44.0,82.0,136.0,54.0,6.0,149.0,45.0,19.0,144.0,170.0,332.0,168.0,68.0,10.0,14.0,188.0,193.0,0.0,-5.0,5.0,0.0,5.236441962829949,5.262690188904886,1.0
411,93.0,47.0,85.0,161.0,65.0,12.0,155.0,43.0,19.0,157.0,179.0,354.0,178.0,76.0,2.0,9.0,184.0,196.0,0.0,-12.0,12.0,0.0,5.214935757608986,5.278114659230517,3.0
412,99.0,55.0,101.0,206.0,62.0,13.0,222.0,30.0,25.0,180.0,225.0,722.0,213.0,71.0,2.0,3.0,186.0,196.0,0.0,-10.0,10.0,0.0,5.225746673713201,5.278114659230517,1.0
413,94.0,42.0,68.0,150.0,64.0,7.0,128.0,52.0,18.0,143.0,154.0,246.0,159.0,69.0,14.0,5.0,192.0,196.0,0.0,-4.0,4.0,0.0,5.2574953720277815,5.278114659230517,3.0
414,87.0,42.0,64.0,150.0,64.0,10.0,133.0,50.0,18.0,142.0,157.0,264.0,159.0,67.0,7.0,1.0,193.0,201.0,0.0,-8.0,8.0,0.0,5.262690188904886,5.303304908059076,3.0
415,90.0,41.0,71.0,169.0,68.0,7.0,150.0,44.0,19.0,138.0,175.0,336.0,157.0,71.0,3.0,18.0,192.0,197.0,0.0,-5.0,5.0,0.0,5.2574953720277815,5.2832037287379885,0.0
416,91.0,46.0,78.0,148.0,61.0,9.0,147.0,45.0,19.0,152.0,168.0,323.0,199.0,70.0,13.0,11.0,189.0,200.0,0.0,-11.0,11.0,0.0,5.241747015059643,5.298317366548036,3.0
417,93.0,39.0,86.0,180.0,59.0,9.0,167.0,39.0,20.0,134.0,186.0,418.0,129.0,63.0,6.0,17.0,197.0,204.0,0.0,-7.0,7.0,0.0,5.2832037287379885,5.318119993844216,2.0
418,85.0,42.0,66.0,120.0,53.0,7.0,149.0,45.0,19.0,145.0,173.0,325.0,163.0,85.0,5.0,4.0,180.0,182.0,0.0,-2.0,2.0,0.0,5.19295685089021,5.204006687076795,0.0
419,92.0,40.0,66.0,111.0,48.0,7.0,139.0,50.0,19.0,140.0,159.0,277.0,148.0,85.0,12.0,19.0,182.0,183.0,0.0,-1.0,1.0,0.0,5.204006687076795,5.2094861528414205,3.0
420,99.0,41.0,77.0,197.0,69.0,6.0,177.0,36.0,21.0,139.0,202.0,485.0,151.0,72.0,4.0,10.0,198.0,199.0,0.0,-1.0,1.0,0.0,5.288267030694535,5.293304824724492,0.0
421,111.0,53.0,108.0,211.0,61.0,11.0,207.0,32.0,23.0,167.0,217.0,636.0,216.0,64.0,21.0,2.0,196.0,205.0,0.0,-9.0,9.0,0.0,5.278114659230517,5.323009979138408,2.0
422,88.0,42.0,77.0,151.0,58.0,8.0,140.0,47.0,18.0,142.0,165.0,293.0,158.0,64.0,10.0,11.0,198.0,205.0,0.0,-7.0,7.0,0.0,5.288267030694535,5.323009979138408,2.0
423,101.0,53.0,108.0,184.0,54.0,12.0,216.0,31.0,24.0,172.0,220.0,685.0,187.0,68.0,4.0,24.0,190.0,201.0,0.0,-11.0,11.0,0.0,5.247024072160486,5.303304908059076,1.0
424,91.0,41.0,93.0,197.0,65.0,9.0,183.0,36.0,21.0,137.0,202.0,504.0,153.0,66.0,11.0,24.0,193.0,200.0,0.0,-7.0,7.0,0.0,5.262690188904886,5.298317366548036,1.0
425,81.0,44.0,68.0,120.0,53.0,6.0,151.0,45.0,19.0,147.0,170.0,333.0,178.0,86.0,4.0,5.0,179.0,183.0,0.0,-4.0,4.0,0.0,5.187385805840755,5.2094861528414205,0.0
426,94.0,43.0,64.0,173.0,69.0,7.0,150.0,43.0,19.0,142.0,169.0,344.0,177.0,68.0,9.0,1.0,199.0,206.0,0.0,-7.0,7.0,0.0,5.293304824724492,5.327876168789581,0.0
427,98.0,49.0,84.0,219.0,74.0,7.0,190.0,34.0,22.0,154.0,208.0,558.0,209.0,74.0,4.0,7.0,195.0,195.0,0.0,0.0,0.0,0.0,5.272999558563747,5.272999558563747,0.0
428,107.0,56.0,104.0,231.0,71.0,11.0,219.0,31.0,25.0,172.0,226.0,705.0,217.0,71.0,19.0,11.0,189.0,196.0,0.0,-7.0,7.0,0.0,5.241747015059643,5.278114659230517,2.0
429,98.0,52.0,86.0,207.0,69.0,5.0,192.0,33.0,22.0,161.0,212.0,570.0,221.0,75.0,4.0,6.0,194.0,195.0,0.0,-1.0,1.0,0.0,5.267858159063328,5.272999558563747,0.0
430,93.0,45.0,86.0,201.0,69.0,7.0,184.0,35.0,22.0,145.0,203.0,523.0,183.0,72.0,0.0,4.0,194.0,197.0,0.0,-3.0,3.0,0.0,5.267858159063328,5.2832037287379885,0.0
431,86.0,42.0,65.0,116.0,53.0,6.0,152.0,45.0,19.0,141.0,175.0,335.0,172.0,85.0,5.0,4.0,179.0,183.0,0.0,-4.0,4.0,0.0,5.187385805840755,5.2094861528414205,0.0
432,111.0,58.0,105.0,183.0,51.0,6.0,265.0,26.0,29.0,174.0,285.0,1018.0,255.0,85.0,4.0,8.0,181.0,183.0,0.0,-2.0,2.0,0.0,5.198497031265825,5.2094861528414205,0.0
433,89.0,41.0,76.0,183.0,73.0,7.0,157.0,42.0,19.0,136.0,181.0,373.0,153.0,74.0,8.0,12.0,191.0,195.0,0.0,-4.0,4.0,0.0,5.25227342804663,5.272999558563747,0.0
434,87.0,41.0,73.0,158.0,64.0,7.0,151.0,44.0,19.0,138.0,175.0,341.0,152.0,73.0,3.0,8.0,190.0,194.0,0.0,-4.0,4.0,0.0,5.247024072160486,5.267858159063328,0.0
435,82.0,36.0,51.0,114.0,53.0,4.0,135.0,50.0,18.0,126.0,150.0,268.0,144.0,86.0,15.0,4.0,181.0,182.0,0.0,-1.0,1.0,0.0,5.198497031265825,5.204006687076795,2.0
436,88.0,40.0,78.0,186.0,73.0,6.0,158.0,41.0,20.0,134.0,185.0,379.0,148.0,73.0,1.0,11.0,193.0,197.0,0.0,-4.0,4.0,0.0,5.262690188904886,5.2832037287379885,0.0
437,91.0,38.0,75.0,136.0,53.0,6.0,144.0,47.0,19.0,131.0,165.0,305.0,149.0,69.0,1.0,7.0,186.0,191.0,0.0,-5.0,5.0,0.0,5.225746673713201,5.25227342804663,2.0
438,96.0,39.0,64.0,111.0,48.0,8.0,134.0,52.0,18.0,141.0,160.0,258.0,139.0,80.0,7.0,20.0,183.0,184.0,0.0,-1.0,1.0,0.0,5.2094861528414205,5.214935757608986,3.0
439,100.0,47.0,70.0,185.0,70.0,7.0,162.0,40.0,20.0,153.0,179.0,406.0,172.0,68.0,9.0,6.0,200.0,205.0,0.0,-5.0,5.0,0.0,5.298317366548036,5.323009979138408,0.0
440,90.0,47.0,85.0,149.0,60.0,10.0,155.0,43.0,19.0,155.0,179.0,355.0,186.0,75.0,1.0,5.0,185.0,196.0,0.0,-11.0,11.0,0.0,5.220355825078324,5.278114659230517,3.0
441,89.0,42.0,75.0,140.0,55.0,6.0,145.0,46.0,19.0,139.0,170.0,312.0,166.0,71.0,15.0,26.0,191.0,198.0,0.0,-7.0,7.0,0.0,5.25227342804663,5.288267030694535,1.0
442,93.0,43.0,78.0,162.0,64.0,8.0,137.0,48.0,18.0,145.0,156.0,281.0,159.0,63.0,17.0,12.0,203.0,210.0,0.0,-7.0,7.0,0.0,5.313205979041787,5.3471075307174685,3.0
443,96.0,54.0,104.0,175.0,58.0,10.0,215.0,31.0,24.0,175.0,221.0,682.0,222.0,75.0,13.0,23.0,186.0,194.0,0.0,-8.0,8.0,0.0,5.225746673713201,5.267858159063328,1.0
444,98.0,35.0,70.0,182.0,68.0,5.0,155.0,41.0,19.0,124.0,184.0,371.0,117.0,71.0,3.0,22.0,202.0,205.0,0.0,-3.0,3.0,0.0,5.308267697401204,5.323009979138408,0.0
445,90.0,47.0,73.0,136.0,58.0,11.0,161.0,42.0,20.0,153.0,172.0,376.0,185.0,77.0,11.0,8.0,183.0,191.0,0.0,-8.0,8.0,0.0,5.2094861528414205,5.25227342804663,3.0
446,89.0,40.0,79.0,154.0,64.0,9.0,144.0,46.0,19.0,139.0,168.0,311.0,149.0,71.0,8.0,7.0,188.0,197.0,0.0,-9.0,9.0,0.0,5.236441962829949,5.2832037287379885,3.0
447,100.0,49.0,96.0,206.0,63.0,9.0,186.0,35.0,22.0,156.0,202.0,519.0,176.0,62.0,3.0,5.0,197.0,205.0,0.0,-8.0,8.0,0.0,5.2832037287379885,5.323009979138408,1.0
448,102.0,52.0,101.0,213.0,64.0,10.0,203.0,33.0,23.0,157.0,214.0,616.0,186.0,65.0,0.0,19.0,193.0,203.0,0.0,-10.0,10.0,0.0,5.262690188904886,5.313205979041787,1.0
449,103.0,52.0,103.0,170.0,52.0,7.0,236.0,28.0,26.0,160.0,254.0,816.0,250.0,82.0,3.0,23.0,183.0,184.0,0.0,-1.0,1.0,0.0,5.2094861528414205,5.214935757608986,0.0
450,91.0,43.0,70.0,133.0,55.0,8.0,130.0,51.0,18.0,146.0,159.0,253.0,156.0,70.0,1.0,8.0,190.0,194.0,0.0,-4.0,4.0,0.0,5.247024072160486,5.267858159063328,3.0
451,107.0,54.0,108.0,228.0,68.0,12.0,218.0,31.0,25.0,170.0,223.0,700.0,224.0,67.0,13.0,25.0,190.0,204.0,0.0,-14.0,14.0,0.0,5.247024072160486,5.318119993844216,2.0
452,94.0,46.0,91.0,175.0,70.0,12.0,157.0,43.0,20.0,155.0,172.0,358.0,192.0,69.0,15.0,21.0,190.0,200.0,0.0,-10.0,10.0,0.0,5.247024072160486,5.298317366548036,3.0
453,96.0,49.0,98.0,187.0,59.0,6.0,213.0,31.0,24.0,152.0,228.0,680.0,210.0,77.0,8.0,28.0,188.0,189.0,0.0,-1.0,1.0,0.0,5.236441962829949,5.241747015059643,0.0
454,85.0,43.0,66.0,121.0,54.0,7.0,150.0,46.0,19.0,147.0,169.0,324.0,175.0,87.0,0.0,5.0,179.0,182.0,0.0,-3.0,3.0,0.0,5.187385805840755,5.204006687076795,0.0
455,89.0,36.0,68.0,141.0,59.0,8.0,139.0,47.0,18.0,130.0,166.0,291.0,127.0,73.0,7.0,1.0,189.0,196.0,0.0,-7.0,7.0,0.0,5.241747015059643,5.278114659230517,3.0
456,89.0,45.0,81.0,246.0,102.0,43.0,155.0,44.0,20.0,160.0,200.0,347.0,177.0,90.0,9.0,17.0,183.0,192.0,0.0,-9.0,9.0,0.0,5.2094861528414205,5.2574953720277815,3.0
457,80.0,38.0,63.0,129.0,55.0,7.0,146.0,46.0,19.0,130.0,168.0,314.0,158.0,83.0,9.0,20.0,180.0,185.0,0.0,-5.0,5.0,0.0,5.19295685089021,5.220355825078324,2.0
458,107.0,52.0,101.0,218.0,64.0,11.0,202.0,33.0,23.0,164.0,219.0,610.0,192.0,65.0,17.0,2.0,197.0,206.0,0.0,-9.0,9.0,0.0,5.2832037287379885,5.327876168789581,1.0
459,84.0,37.0,70.0,145.0,62.0,9.0,136.0,48.0,18.0,134.0,159.0,280.0,140.0,68.0,11.0,9.0,194.0,202.0,0.0,-8.0,8.0,0.0,5.267858159063328,5.308267697401204,3.0
460,83.0,42.0,71.0,152.0,64.0,7.0,149.0,45.0,19.0,142.0,172.0,331.0,158.0,74.0,2.0,2.0,184.0,190.0,0.0,-6.0,6.0,0.0,5.214935757608986,5.247024072160486,0.0
461,91.0,41.0,84.0,141.0,57.0,9.0,149.0,45.0,19.0,143.0,170.0,330.0,158.0,72.0,9.0,14.0,189.0,199.0,0.0,-10.0,10.0,0.0,5.241747015059643,5.293304824724492,3.0
462,93.0,51.0,90.0,209.0,69.0,8.0,183.0,36.0,22.0,156.0,211.0,506.0,230.0,70.0,6.0,1.0,189.0,196.0,0.0,-7.0,7.0,0.0,5.241747015059643,5.278114659230517,2.0
463,88.0,38.0,58.0,137.0,60.0,5.0,148.0,46.0,19.0,131.0,163.0,319.0,157.0,86.0,12.0,0.0,180.0,183.0,0.0,-3.0,3.0,0.0,5.19295685089021,5.2094861528414205,2.0
464,88.0,44.0,85.0,139.0,56.0,11.0,157.0,43.0,20.0,155.0,176.0,363.0,175.0,76.0,5.0,16.0,184.0,195.0,0.0,-11.0,11.0,0.0,5.214935757608986,5.272999558563747,3.0
465,94.0,49.0,79.0,203.0,71.0,5.0,174.0,37.0,21.0,154.0,196.0,465.0,206.0,71.0,6.0,2.0,197.0,199.0,0.0,-2.0,2.0,0.0,5.2832037287379885,5.293304824724492,0.0
466,100.0,58.0,109.0,230.0,70.0,11.0,226.0,30.0,25.0,182.0,234.0,752.0,207.0,72.0,0.0,13.0,187.0,198.0,0.0,-11.0,11.0,0.0,5.231108616854587,5.288267030694535,1.0
467,89.0,44.0,72.0,160.0,66.0,7.0,144.0,46.0,19.0,147.0,166.0,312.0,169.0,69.0,11.0,1.0,191.0,198.0,0.0,-7.0,7.0,0.0,5.25227342804663,5.288267030694535,0.0
468,85.0,39.0,57.0,126.0,56.0,6.0,114.0,58.0,17.0,135.0,134.0,195.0,145.0,64.0,17.0,7.0,197.0,202.0,0.0,-5.0,5.0,0.0,5.2832037287379885,5.308267697401204,3.0
469,101.0,56.0,100.0,215.0,69.0,10.0,208.0,32.0,24.0,169.0,227.0,651.0,223.0,74.0,6.0,5.0,186.0,193.0,0.0,-7.0,7.0,0.0,5.225746673713201,5.262690188904886,1.0
470,92.0,43.0,70.0,124.0,52.0,6.0,139.0,49.0,18.0,144.0,164.0,282.0,172.0,79.0,4.0,16.0,183.0,185.0,0.0,-2.0,2.0,0.0,5.2094861528414205,5.220355825078324,3.0
471,92.0,37.0,80.0,180.0,67.0,8.0,154.0,43.0,19.0,129.0,180.0,353.0,144.0,69.0,6.0,9.0,190.0,195.0,0.0,-5.0,5.0,0.0,5.247024072160486,5.272999558563747,2.0
472,100.0,36.0,73.0,199.0,73.0,6.0,162.0,40.0,20.0,127.0,189.0,401.0,125.0,72.0,6.0,19.0,200.0,204.0,0.0,-4.0,4.0,0.0,5.298317366548036,5.318119993844216,0.0
473,108.0,54.0,109.0,189.0,57.0,11.0,220.0,31.0,25.0,174.0,229.0,709.0,214.0,70.0,12.0,23.0,189.0,201.0,0.0,-12.0,12.0,0.0,5.241747015059643,5.303304908059076,2.0
474,85.0,39.0,68.0,119.0,52.0,5.0,128.0,53.0,18.0,135.0,148.0,241.0,142.0,75.0,8.0,8.0,182.0,187.0,0.0,-5.0,5.0,0.0,5.204006687076795,5.231108616854587,3.0
475,89.0,41.0,84.0,141.0,58.0,9.0,149.0,45.0,19.0,145.0,172.0,330.0,162.0,72.0,4.0,18.0,188.0,200.0,0.0,-12.0,12.0,0.0,5.236441962829949,5.298317366548036,3.0
476,98.0,38.0,70.0,125.0,52.0,8.0,130.0,53.0,18.0,139.0,157.0,243.0,132.0,74.0,0.0,13.0,186.0,185.0,0.0,1.0,-1.0,0.0,5.225746673713201,5.220355825078324,3.0
477,91.0,36.0,83.0,162.0,61.0,8.0,142.0,47.0,19.0,128.0,163.0,298.0,137.0,63.0,0.0,31.0,193.0,200.0,0.0,-7.0,7.0,0.0,5.262690188904886,5.298317366548036,2.0
478,88.0,38.0,77.0,156.0,56.0,7.0,163.0,41.0,20.0,129.0,184.0,395.0,140.0,67.0,1.0,9.0,192.0,198.0,0.0,-6.0,6.0,0.0,5.2574953720277815,5.288267030694535,1.0
479,85.0,42.0,70.0,130.0,56.0,7.0,150.0,45.0,19.0,145.0,177.0,328.0,172.0,82.0,10.0,14.0,181.0,185.0,0.0,-4.0,4.0,0.0,5.198497031265825,5.220355825078324,0.0
480,88.0,34.0,58.0,140.0,59.0,6.0,127.0,52.0,18.0,130.0,148.0,243.0,113.0,63.0,4.0,10.0,199.0,206.0,0.0,-7.0,7.0,0.0,5.293304824724492,5.327876168789581,3.0
481,102.0,48.0,105.0,214.0,64.0,10.0,201.0,33.0,23.0,152.0,214.0,600.0,178.0,64.0,0.0,25.0,192.0,204.0,0.0,-12.0,12.0,0.0,5.2574953720277815,5.318119993844216,2.0
482,78.0,36.0,60.0,116.0,56.0,6.0,123.0,55.0,17.0,124.0,141.0,221.0,121.0,78.0,3.0,16.0,178.0,185.0,0.0,-7.0,7.0,0.0,5.181783550292085,5.220355825078324,1.0
483,94.0,43.0,82.0,136.0,54.0,10.0,155.0,43.0,19.0,149.0,176.0,359.0,161.0,74.0,1.0,6.0,186.0,197.0,0.0,-11.0,11.0,0.0,5.225746673713201,5.2832037287379885,3.0
484,89.0,42.0,89.0,147.0,61.0,11.0,151.0,44.0,19.0,145.0,170.0,338.0,163.0,72.0,11.0,23.0,187.0,199.0,0.0,-12.0,12.0,0.0,5.231108616854587,5.293304824724492,3.0
485,108.0,49.0,109.0,204.0,61.0,11.0,212.0,31.0,24.0,159.0,229.0,665.0,215.0,71.0,16.0,11.0,190.0,199.0,0.0,-9.0,9.0,0.0,5.247024072160486,5.293304824724492,2.0
486,94.0,39.0,89.0,194.0,62.0,9.0,172.0,38.0,21.0,135.0,191.0,444.0,121.0,63.0,4.0,23.0,201.0,209.0,0.0,-8.0,8.0,0.0,5.303304908059076,5.342334251964811,1.0
487,104.0,54.0,91.0,209.0,67.0,11.0,218.0,31.0,24.0,170.0,223.0,697.0,196.0,74.0,4.0,21.0,187.0,196.0,0.0,-9.0,9.0,0.0,5.231108616854587,5.278114659230517,1.0
488,105.0,51.0,105.0,197.0,60.0,11.0,191.0,35.0,22.0,162.0,207.0,545.0,194.0,64.0,18.0,4.0,196.0,205.0,0.0,-9.0,9.0,0.0,5.278114659230517,5.323009979138408,2.0
489,95.0,46.0,76.0,162.0,66.0,11.0,162.0,42.0,20.0,155.0,175.0,381.0,172.0,74.0,8.0,4.0,184.0,193.0,0.0,-9.0,9.0,0.0,5.214935757608986,5.262690188904886,3.0
490,85.0,43.0,66.0,123.0,56.0,6.0,148.0,46.0,19.0,145.0,166.0,319.0,171.0,85.0,6.0,11.0,179.0,182.0,0.0,-3.0,3.0,0.0,5.187385805840755,5.204006687076795,0.0
491,85.0,38.0,63.0,130.0,55.0,7.0,122.0,55.0,17.0,130.0,137.0,219.0,144.0,64.0,20.0,8.0,195.0,201.0,0.0,-6.0,6.0,0.0,5.272999558563747,5.303304908059076,1.0
492,78.0,38.0,63.0,115.0,51.0,6.0,142.0,47.0,19.0,130.0,162.0,299.0,146.0,77.0,2.0,4.0,181.0,185.0,0.0,-4.0,4.0,0.0,5.198497031265825,5.220355825078324,2.0
493,89.0,41.0,75.0,143.0,56.0,7.0,146.0,46.0,19.0,137.0,170.0,317.0,156.0,76.0,18.0,5.0,184.0,188.0,0.0,-4.0,4.0,0.0,5.214935757608986,5.236441962829949,1.0
494,89.0,35.0,52.0,121.0,57.0,4.0,122.0,55.0,17.0,125.0,139.0,220.0,128.0,82.0,5.0,13.0,181.0,184.0,0.0,-3.0,3.0,0.0,5.198497031265825,5.214935757608986,2.0
495,94.0,50.0,84.0,138.0,57.0,10.0,156.0,44.0,20.0,170.0,171.0,351.0,187.0,77.0,5.0,6.0,182.0,191.0,0.0,-9.0,9.0,0.0,5.204006687076795,5.25227342804663,3.0
496,88.0,43.0,84.0,136.0,55.0,11.0,154.0,44.0,19.0,150.0,174.0,350.0,164.0,73.0,6.0,2.0,185.0,196.0,0.0,-11.0,11.0,0.0,5.220355825078324,5.278114659230517,3.0
497,86.0,45.0,73.0,152.0,63.0,6.0,149.0,44.0,19.0,145.0,170.0,335.0,176.0,71.0,6.0,1.0,189.0,196.0,0.0,-7.0,7.0,0.0,5.241747015059643,5.278114659230517,0.0
498,89.0,47.0,83.0,169.0,61.0,8.0,164.0,40.0,20.0,150.0,189.0,402.0,190.0,72.0,7.0,10.0,187.0,193.0,0.0,-6.0,6.0,0.0,5.231108616854587,5.262690188904886,2.0
499,104.0,53.0,108.0,204.0,64.0,11.0,220.0,31.0,25.0,172.0,226.0,707.0,203.0,71.0,14.0,30.0,189.0,203.0,0.0,-14.0,14.0,0.0,5.241747015059643,5.313205979041787,2.0
500,102.0,45.0,83.0,198.0,65.0,5.0,194.0,33.0,22.0,146.0,225.0,576.0,167.0,79.0,0.0,27.0,193.0,191.0,0.0,2.0,-2.0,0.0,5.262690188904886,5.25227342804663,0.0
501,88.0,36.0,78.0,160.0,62.0,6.0,140.0,48.0,18.0,123.0,161.0,287.0,129.0,66.0,4.0,35.0,194.0,202.0,0.0,-8.0,8.0,0.0,5.267858159063328,5.308267697401204,1.0
502,103.0,51.0,105.0,174.0,56.0,11.0,210.0,32.0,24.0,163.0,222.0,650.0,222.0,73.0,8.0,9.0,187.0,196.0,0.0,-9.0,9.0,0.0,5.231108616854587,5.278114659230517,2.0
503,101.0,55.0,107.0,200.0,61.0,11.0,225.0,30.0,25.0,178.0,228.0,730.0,204.0,74.0,8.0,35.0,187.0,201.0,0.0,-14.0,14.0,0.0,5.231108616854587,5.303304908059076,1.0
504,103.0,55.0,103.0,211.0,65.0,11.0,212.0,31.0,24.0,165.0,229.0,673.0,249.0,72.0,5.0,16.0,188.0,196.0,0.0,-8.0,8.0,0.0,5.236441962829949,5.278114659230517,1.0
505,102.0,54.0,98.0,177.0,56.0,10.0,219.0,31.0,25.0,171.0,219.0,706.0,223.0,72.0,5.0,17.0,186.0,196.0,0.0,-10.0,10.0,0.0,5.225746673713201,5.278114659230517,1.0
506,89.0,44.0,70.0,137.0,58.0,6.0,136.0,49.0,18.0,146.0,168.0,273.0,166.0,78.0,10.0,3.0,186.0,187.0,0.0,-1.0,1.0,0.0,5.225746673713201,5.231108616854587,3.0
